reviewer_name,reviewer_id
" ""andrew ohehir""",1
 a.o. scott,2
 none,3
 noel murray,4
 joshua rothkopf,5
 bill goodykoontz,7
 kimberley jones,8
 peter travers,9
 v.a. musetto,10
 david hiltbrand,11
 roger ebert,12
 michael phillips,13
 ty burr,14
 shawn levy,15
 james berardinelli,17
 rick groen,19
 j. hoberman,21
 walter addiego,22
 stephen holden,24
 peter rainer,25
 bob mondello,27
 lisa schwarzbaum,30
 eddie cockrell,32
 j.r. jones,33
 joe morgenstern,34
 keith phipps,36
 philip kennicott,38
 joe neumaier,40
 manohla dargis,41
 eric kohn,42
 robert koehler,43
 david fear,44
 nick pinkerton,48
 jeannette catsoulis,50
 peter hartlaub,51
 sara maria vizcarrondo,52
 rob nelson,55
 james greenberg,56
 kenneth turan,59
 melissa anderson,63
 elizabeth weitzman,64
 marc mohan,68
 robert abele,69
 eric hynes,70
 andrea gronvall,74
 tim cogshell,78
 roger moore,83
 todd mccarthy,86
 pete hammond,87
 jennie punter,88
" ""michael osullivan""",89
 claudia puig,90
 joe williams,91
 stan hall,92
 marjorie baumgarten,98
 olly richards,99
 tasha robinson,101
 amy biancolli,102
 owen gleiberman,103
 lou lumenick,106
 marc savlov,109
 kim morgan,110
 michael atkinson,111
 chuck wilson,112
 desson thomson,114
 wesley morris,115
 jonathan curiel,116
 sean axmaker,117
 kevin thomas,122
 bill gallo,123
 chris kaltenbach,124
 jack mathews,126
 lawrence toppman,127
 rene rodriguez,128
 mike clark,130
 ray conlogue,131
 maitland mcdonagh,133
 scott foundas,135
 edward guthmann,138
 gregory weinkauf,139
 megan lehmann,141
 liam lacey,142
 steven rea,143
 kirk honeycutt,144
 ella taylor,145
 david stratton,146
 david grove,148
 ronnie scheib,150
 kelly borgeson,152
 ken fox,156
 scott tobias,158
 dana stevens,160
 jami bernard,161
 william arnold,164
 charles taylor,167
 david sterritt,168
 michael wilmington,169
 richard corliss,171
 carrie rickey,176
 jonathan foreman,178
 michael sragow,179
 nathan rabin,181
 jonathan rosenbaum,184
 david ansen,188
 alan morrison,190
 anthony lane,192
 mick lasalle,198
 david edelstein,200
 stanley kauffmann,201
 stephen hunter,207
 deborah young,216
 dave kehr,223
 dennis lim,228
 lawrence van gelder,238
 derek elley,243
 merle bertrand,245
 john powers,254
 ken eisner,259
 phil hall,260
 ed park,263
 glenn kenny,265
 dana schwartz,266
 katie rife,267
 dan mecca,268
 kate erbland,269
 bilge ebiri,271
 justin chang,274
 fionnuala halligan,275
 peter bradshaw,276
 jon frosch,278
 ann hornaday,279
 amy nicholson,280
 chuck bowen,281
 k.j. doughton,282
 sheri linden,292
 mark caro,296
 robert wilonsky,304
 gary goldstein,313
 neil genzlinger,316
 mark keizer,317
 michelle orange,324
 mary pols,330
 kyle smith,337
 betsy sharkey,341
 dennis harvey,344
 sam adams,347
 bill weber,350
 fred camper,352
 natasha senjanovic,364
 s. james snyder,377
 stephanie zacharek,378
 mike scott,380
 connie ogle,386
 john defore,392
 chris hewitt (1),393
 leslie felperin,403
 steve persall,404
 nick schager,410
 simon abrams,419
 keith uhlich,436
 jesse cataldo,438
 rex reed,440
 janice page,461
 angel cohn,484
 john patterson,490
 loren king,506
 jon strickland,508
 peter debruge,509
 rick kisonak,516
 drew mcweeny,522
 soren andersen,523
 odie henderson,525
 richard roeper,527
 michael burgin,528
 jared mobarak,529
 a.a. dowd ,531
 dan jolin,541
 matt maytum,543
 oliver lyttelton,558
 robbie collin,563
 eric henderson,569
 luke y. thompson,570
 joe leydon,574
 bob graham,584
 bruce fretts,589
 john petrakis,590
 dan fienberg,592
 hazel-dawn dumpert,605
 ellen a. kim,629
 kerry lengel,672
 ernest hardy,693
 marta barber,697
 jessica winter,711
 richard nilsen,720
 damon wise,733
 steve ramos,755
 scott bowles,756
 john p. mccarthy,790
 mark jenkins,832
 mark feeney,858
 adam markovitz,868
 kim newman,878
 frank scheck,882
 tom russo,909
 andrew schenker,927
 ray bennett,949
 michael rechtshaffen,969
 staff [not credited],973
 mike hale,992
 anna smith,996
 diego semerene,1069
 ben kenigsberg,1130
 jaime n. christley,1151
 glenn whipp,1174
 david hughes,1241
 stephen cole,1293
 pam grady,1298
 william thomas,1319
 david denby,1340
 rachel saltz,1377
 brian lowry,1387
 s.t. vanairsdale,1398
 ed gonzalez,1410
 glenn heath jr.,1471
 john anderson,1539
 ray greene,1543
 richard mowe,1572
 gene seymour,1584
 stephen garrett,1621
 laine ewen,1669
 c.w. nevius,1715
 susannah gora,1720
" ""helen ohara""",1748
 nicolas rapold,1763
 ian buckwalter,1781
 james white,1862
 m. e. russell,1868
 mary elizabeth williams,2184
 kevin c. johnson,2238
 keith staskiewicz,2307
 howard cohen,2386
 jordan mintzer,2456
 calvin wilson,2463
 dan kois,2464
 wade major,2648
 james adams,2812
 joe holleman,3177
 clark collis,3239
 farran smith nehme,3254
 paul bradshaw,3269
 angie errigo,3312
 joseph jon lanthier,3442
 laura sinagra,3496
 michael dequina,3501
 mark olsen,3510
 kevin crust,3530
 elvis mitchell,3531
 carla meyer,3535
 bill stamets,3589
 steve simels,3592
 jan stuart,3607
 david rooney,3610
 frank lovece,3611
 patrick z. mcgavin,3628
 chris hewitt,3637
 rita kempley,3639
 marrit ingman,3643
 david chute,3652
 robert k. elder,3731
 amy taubin,3745
 jean oppenheimer,3763
 ron stringer,3764
 ted shen,3912
 scott warren,3979
 mark holcomb,3993
 aaron hillis,4084
 andy klein,4131
 charles savage,4260
 steve davis,4270
 cary darling,4400
 paul malcolm,4473
 adam smith,4650
 paula nechak,4721
 addison macdonald,4856
 leslie camhi,5054
 eric campos,5210
 nick dawson,5320
 hank sartin,5364
 edward crouse,5462
 patrick peters,5623
 henry stewart,5779
 pauline kael,5801
 ian nathan,6034
 josh levin,6341
 simon kinnear,6372
 phil de semlyen,6502
 r. kurt osenlund,6617
 paul schrodt,6752
 david parkinson,6776
 david hinckley,6842
 ed schied,6965
 justin lowe,7653
 randall colburn,7658
 susan wloszczyna,7660
 lindsey bahr,7662
 leah greenblatt,7663
 kevin jagernauth,7665
 andrew barker,7666
 kristen yoonsoo kim,7668
 kevin harley,7699
 gary thompson,7712
 craig d. lindsey,7714
 godfrey cheshire,7720
 kate taylor,7721
 dan callahan,7722
" ""david darcy""",7724
" ""mike dangelo""",7728
 wendy ide,7734
 lucy popescu,7735
 jordan hoffman,7736
 alan scherstuhl,7737
 jude dry,7738
 jake coyle,7744
 oleg ivanov,7746
 tim robey,7748
 zoe margolis,7752
 jonathan pile,7753
 peter sobczynski,7754
 william bibbiani,7759
 richard lawson,7760
 ignatiy vishnevetsky,7761
 emily yoshida,7765
 joe dziemianowicz,7767
 benjamin lee,7769
 barry hertz,7774
 tim grierson,7778
 april wolfe,7779
 david ehrlich,7781
 mark kennedy,7784
 bobby lepire,7786
 pat padua,7791
 inkoo kang,7793
 chris packham,7796
 katie walsh,7797
 g. allen johnson,7798
 jesse hassenger,7799
 oktay ege kozak ,7801
 chris nashawaty,7806
 jim slotek,7807
 anna storm,7809
 brad wheeler,7811
 keith watson,7812
 sam fragoso,7814
 david sims,7815
 nick allen,7816
 jocelyn noveck,7822
 sam weisberg,7827
 alissa simon,7828
 ken jaworowski,7833
 kyle kohner,7836
 clint worthington,7843
 moira macdonald,7852
 peter goldberg,7859
 bryan bishop,7864
 mike mazzanti,7866
 jessica kiang,7872
 derek smith,7877
" ""sheila omalley""",7880
 abbey bender,7885
 ed frankl,7889
 jonathan romney,7893
 kimber myers,7894
 kenji fujishima,7898
 alex mclevy,7904
 brian tallerico,7906
 allan hunter,7915
 witney seibold,7919
 jake cole,7928
 christopher schobert,7929
 barbara vandenburgh,7932
 christopher machell,7935
 victor stiff,7939
 dom sinacola,7943
 samantha incorvaia,7945
 michael roffman,7948
 jim vejvoda,7950
 nick vadala,7951
 matthew leyland,7958
 emily vanderwerff,7962
 rebecca pahle,7963
 brian truitt,7965
 matt donato,7971
 matt singer,7975
 josh larsen,7986
 johnny oleksinski,7987
 alonso duralde,7988
 brent mcknight,7999
 randy cordova,8001
 david lewis,8003
 mike mccahill,8012
 michael nordine,8014
 vince mancini,8024
 matt zoller seitz,8033
 richard brody,8046
 jordan ruimy,8048
 sara stewart,8052
 lena wilson,8053
 nick de semlyen,8055
 erik adams,8081
 luke parker,8083
 matthew passantino,8085
 will leitch,8096
 oliver jones,8097
 charles bramesco,8106
 alissa wilkinson,8111
 e. oliver whitney,8112
 bradley warren,8121
 stephen dalton,8126
 ben croll,8131
 christy lemire,8138
 steve macfarlane,8155
 jamie graham,8176
 tina hassannia,8184
 stephen whitty ,8194
 stephanie merry,8201
 rodrigo perez,8205
 matt glasby,8222
 todd gilchrist,8233
 will ashton,8234
 allison shoemaker,8235
 dominick suzanne-mayer,8245
 aisha harris,8248
 michael gingold,8249
 brian thompson,8251
 nikola grozdanovic,8260
 henry barnes,8261
 gregory ellwood,8284
 ian freer,8286
 monica castillo,8293
 caroline siede,8294
 gwilym mumford,8312
 lauren humphries-brooks,8319
 jacob oller,8322
 tatiana craine,8326
 danny king,8374
 boyd van hoeij,8382
 geoff berkshire,8383
 john fink,8400
 vadim rizov,8419
 david griffin,8428
 alan ng,8446
 teo bugbee,8452
 blake goble,8473
 andrew lowry,8490
 jose solã­s,8530
 christopher gray,8532
 guy lodge,8541
 meredith goldstein,8543
 christopher orr,8561
 michael ordona,8589
 sarah ward,8591
 yolanda machado,8594
 dave white,8614
 matt looker,8623
 james mottram,8633
 kenneth seward jr.,8678
 andrew crump,8684
 joe blessing,8688
 james dyer,8692
 daniel eagan,8699
 devan coggan,8704
 jim vorel,8738
 brian roan,8747
 tiffany tchobanian,8761
 jamie righetti,8772
 robert yaniz jr.,8780
 isaac feldberg ,8801
 simran hans,8831
 christian holub,8860
 helen t. verongos,8874
 ryan oliver,8987
 jordan raup,9013
 alex godfrey,9014
 lawrence garcia,9031
 carlos aguilar,9033
 john semley,9034
 serena donadoni,9039
 lisa jo sagolla,9094
 cath clarke,9101
 darren franich,9112
 geoff andrew,9148
 jay weissberg,9152
 john bleasdale,9156
 lee marshall,9170
 sherilyn connelly,9172
" ""sean oneal""",9216
 vikram murthi,9231
 garrett mitchell,9237
 greg cwik,9255
 matthew dougherty,9262
 abraham riesman,9269
 tom duggins,9286
 mike ryan,9293
 chris barsanti,9301
 tricia olszewski,9311
 andrã© hereford,9336
 lorry kikta,9346
 sam c. mac,9348
 giovanni marchini camia,9350
 mark kermode,9353
 steve pond,9368
 k. austin collins,9376
 tomris laffly,9435
 david noh,9467
 clarence tsui,9471
 maggie lee,9472
 doris toumarkine,9481
 kim hughes,9505
 philip kemp,9520
 wes greene,9667
 jordan farley,9694
 ethan sacks,9739
 daniel schindel,9742
 drew taylor,9770
 kevin p. sullivan,9807
 xan brooks,9832
 warren cantrell,9852
 rick bentley,9908
 harry windsor,9971
 stephen farber,10060
 eli fine,10064
 simi horwitz,10081
 daniel green,10188
 peter keough,10260
 jason zinoman,10262
 dan caffrey,10277
 britt hayes,10288
 josh wise,10371
 bradley gibson,10375
 dave calhoun,10395
 richard scott larson,10406
 steve rose,10412
 natalia winkelman,10560
 sandy cohen,10601
 jonathan christian,10692
 emma dibdin,10805
 courtney howard,10856
 amy glynn,10921
 alan zilberman,10940
 danielle solzman,11017
 matt fagerholm,11018
 gav murphy,11026
 caryn james,11138
 adam lowes,11190
 kaitlyn tiffany,11220
 pat brown,11267
 karen gordon,11308
 ally johnson,11360
 pete vonder haar,11362
 anthony kaufman,11555
" ""rory oconnor""",11571
 alex welch,11595
 matthew roe,11655
 sarah kurchak,11663
 steve greene,11727
 filipe freitas,11771
 carson lund,11795
 neil smith,11813
 scott collura,11823
 trevor johnston,11834
 gary m. kramer,11848
 hunter lanier,11857
 neil young,11886
 matthew dessem,11911
 jane horwitz,11923
 nikki baughan,11929
 josh winning,11930
 mark asch,11981
 jane crowther,12012
 j.r. kinnard,12090
 nick rocco scalia,12107
 maria garcia,12110
 chris gore,12115
 alex abad-santos,12138
 david gritten,12192
 mary corliss,12193
 russ fischer,12219
 rosie knight,12348
 sophie monks kaufman,12389
 alasdair bayman,12471
 ethan vestby,12529
 lisa nesselson,12533
 ben nicholson,12636
 joe walsh,12679
 rafael motamayor,12689
 demetrios matheou,12699
 kate stables,12746
 jack hamilton,12767
 dante james,12863
 jimi famurewa,12870
 maximilian von thun,12894
" ""conor odonnell""",12900
 michael snydel,12966
 tony hinds,12984
 jason ooi,13059
 john hazelton,13062
 charles solomon,13176
 jonathan holland,13228
 graham fuller,13256
 daphne howland,13268
 budd wilkins,13317
 jason bailey,13340
 patrick gamble,13491
 karen han,13599
 richard kuipers,13656
 toussaint egan,13690
 phil hoad,13744
 reece pendleton,13881
 richard schickel,13921
 jill bernstein,13971
 emanuel levy,14069
 emma cochrane,14082
 joanna robinson,14159
 rich cline,14397
 joan anderman,14869
 tim merrill,14899
 ruthe stein,15278
 barbara goslawski,16620
 david wiegand,17464
 tom dawson,17627
 cliff doerksen,18130
 eric monder,18227
 clayton dillard,18327
 ren jender,18366
 katie driscoll,18527
" ""paul ocallaghan""",18734
 matt prigge,18751
 gary garrison,18917
 liz shannon miller,18975
 john hartl,19013
 josh modell,19020
 nathalie atkinson,19054
 jon caramanica,19057
 kevin lally,19167
 jen yamato,19319
 marten carlson,19415
 martyn conterio,19431
 joshua alston,19462
 joseph falcone,19518
 dan fainaru,19557
 john berra,19692
 genevieve koski,19791
 harry haun,19826
 simon crook,19943
 lara zarum,20051
 tom keogh,20171
 andy howell,20187
 gwen ihnat,20362
 dave mcginn,20425
 tom huddleston,20468
 andrew pulver,20472
 nathan lee,20499
 laura kern,20559
 carina chocano,20658
 luke sader,20670
 will lawrence,20729
 bill white,20768
 stina chyn,20773
 richard james havis,21250
 f. x. feeney,23202
 duane byrge,25654
 ron wells,25857
 aja romano,26360
 teresa wiltz,26857
 nigel floyd,27318
 edward douglas,29149
 tirdad derakhshani,29163
 nigel m smith,29179
 sara schieron,29919
 catherine shoard,30149
 colin kennedy,30410
 daniel m. gold,31420
 katherine vu,31423
 bill edelstein,31425
 calum marsh,31435
 chris cabin,31456
 diane garrett,31457
 william goss,31470
 mary houlihan,31495
 benjamin mercer,31497
 elise nakhnikian,31553
 bruce ingram,31605
 david lee dallas,31614
 zachary wigon,31741
 andrew lapin,31771
 gabe toro,31781
 scott wold,31829
 james rocchi,31846
 nick prigge,31865
 david dewitt,31866
 martin tsai,31928
 abby garnett,31940
 nick mccarthy,31965
 jason clark,31981
 cory everett,31984
 amber wilkinson,31989
 chris klimek,32133
 andy webster,32142
 amon warmann,32167
 bill zwecker,32187
 jen chaney,32193
 mark rabinowitz,32195
 nicole herrington,32209
 tomas hachard,32249
 kyle anderson,32284
 rob humanick,32325
 stephan lee,32341
 drew hunt,32405
 anita gates,32499
 noah berlatsky,32511
 matt patches,32523
 marc snetiker,32547
 heather baysa,32562
 adam nayman,32617
 alan jones,32623
 jamie neish,32802
 steve erickson,32855
 rob staeger,32885
 laremy legel,32906
 diana clarke,33136
 annlee ellingson,33189
 jordan osterer,33345
 scout tafoya,33352
 miriam bale,33407
 willa paskin,33477
 jenny mccartney,33494
 abhimanyu das,33664
 bill graham,33751
 charlie schmidlin,34792
 melissa maerz,35080
 violet lucca,35188
 steven boone,36366
 james lattimer,36457
 jeff baker,36792
 paul macinnes,37321
 lon grahnke,38073
 ashley clark,38293
 matt brennan,38854
 mark zhuravsy,39023
 chris willman,40095
 eric d. snider,40290
 tara brady,40492
 mary siroky,40498
 shirley li,40499
 trace sauveur,40501
 johanna schneller,40505
 mae abdulbaki,40511
 tara bennett ,40512
 chris evangelista,40514
 robert daniels,40526
 c.j. prince,40527
 jonathan kiefer,40595
 karina longworth,41651
 russell smith,42327
 sara vilkomerson,42866
 monika fabian,44654
 john oursler ,45476
 julia alexander,45948
 chris heller,46037
 alex saveliev,48397
 roxana hadadi,48405
 hanna b.,48408
 natalia keogan,48409
 orla smith,48412
 william repass,48413
 ryan lattanzio,48415
 jenny nulf,48420
 thom ernst,48427
 richard whittaker,48428
 steven scaife,48433
 debopriyaa dutta,48436
 michael frank,48444
 joe lipsett,48447
 phuong le,48449
 rob rector,48454
 matt fowler,48459
 asher luberto,48462
 ben pearson,48473
 joshua rivera,48476
 kristy puchko,48500
 siddhant adlakha,48504
 dan rubins,48509
 maya phillips,48511
 josh kupecki,48539
 nicholas barber,48545
 clarisse loughrey,48556
 kristen lopez,48566
 beandrea july,48573
 angie han,48582
 ben travis,48589
 kristen page-kirby,48593
 sarah bea milner,48599
 tom jorgensen,48616
 hanna flint,48621
 alison willmore,48636
 lovia gyarkye,48644
 aparita bhandari,48653
 chris vognar,48655
 martin carr,48660
 alistair ryder,48686
 rafaela sales ross,48689
 sarah hagi,48690
 charles barfield,48699
 donald clarke,48707
 lauren j. coates,48715
 nell minow,48717
 josh spiegel,48724
 brian farvour,48740
 mary beth mcandrews,48759
 anne t. donahue,48790
 rachel labonte,48800
 judy berman,48819
 lisa kennedy,48822
 nina metz,48824
 ed power,48826
" ""daniel daddario""",48827
 michael cragg,48829
 adam white,48830
 bob strauss,48838
 marya e. gates,48842
 john nugent,48914
 chris agar,48915
 christian gallichio,48925
 deirdre crimmins,48952
 sarah-tai black,48964
 robyn bahr,48979
 molly freeman,48984
 scott campbell,49011
 ferdosa abdi,49012
 mark hanson,49016
 beth webb,49047
 luke buckmaster,49050
 joseph stanichar,49059
 devika girish,49101
 lily janiak,49109
 ryan larson,49118
 adrian horton,49153
 matthew monagle,49175
 matt cipolla,49201
 beatrice loayza,49202
 mike deangelo,49244
 richard trenholm,49258
 elisabeth vincentelli,49279
 abrar al-heeti,49308
 mary sollosi,49312
 rogan graham,49314
 brianna zigler,49319
 tracy brown,49340
 j. kim murphy,49370
 petrana radulovic,49392
 amil niazi,49405
 sonia rao,49412
 eli friedberg,49431
 austen goslin,49439
 lex briscuso,49449
 anya stanley,49450
 hau chu,49472
 rebecca onion,49483
 william hughes,49486
 samantha nelson,49494
 erik nielsen,49506
 hoai-tran bui,49518
 helen shaw,49535
 kyle bain,49577
 zaki hasan,49624
 jason shawhan,49684
 concepciã³n de leã³n,49697
 marina ashioti,49744
 leila latif,49817
 marshall shaffer,49820
 adam woodward,49836
 amy amatangelo,49862
 brittany vincent,49870
 marianka swain,49876
 brandon katz,49934
 taylor lyles,50104
 aaron pruner,50167
 carla renata,50177
 lillian crawford,50232
 russell holly,50300
 shayna maci warner,50306
 terri white,50317
 angelica jade bastien,50325
 ethan anderton,50343
 hannah strong,50364
 christian blauvelt,50441
 david robb,50444
 jourdain searles,50450
 liam trump,50459
 nick newman,50587
 amelia emberwing,50630
 cody song,50711
 radhika menon,50716
 chandler levack,50725
 emily tannenbaum,50752
 jack king,50775
 stephen humphries,50853
 matthew anderson,50943
 jack wilhelmi,50950
 linda barnard,51019
 valerie complex,51137
 ellen e jones,51205
 kristen baldwin,51222
 shannon miller,51250
 jason gorber,51284
 andrew bundy,51340
 selome hailu,51377
 allegra frank,51454
 jake kring-schreifels,51467
 caroline tsai,51489
 david katz,51496
 stephen a. russell,51618
 anthony ray bench,51710
 cliff lee,51739
 jenn adams,51786
 kate lloyd,51886
 gabrielle marceau,52021
 candice frederick,52120
 leslie byron pitt,52142
 ronda racha penrice,52163
 david jenkins,52179
 cassie da costa,52228
 ella kemp,52314
 katey rich,52315
 elena lazic,52428
 iana murray,52514
 brandon streussnig,52579
 huw oliver,52675
 marisa mirabal,52760
 weldon b. johnson,52835
 mitchell beaupre,52874
 emily maskell,52975
 lorraine ali,53071
 dorothy rabinowitz,53082
 kyle turner,53203
 carys anderson,53225
 sabina dana plasse,53354
 ben travers,53394
 zhuo-ning su,53396
 elizabeth kerr,53398
 tambay obenson,53429
 sandy schaefer,54022
 jason solomons,54049
 geoffrey macnab,54077
 kambole campbell,54170
 artemis lin,54366
 joshua encinias,54522
 mark beaumont,54523
 norman gidney,54832
 cheyenne bunsie,54930
 phil nobile jr.,55083
 musthafa azeez,55134
 christina newland,55232
 nicole clark,55496
 emily zemler,55621
 luke hicks,55665
 okla jones,55669
 lucy mangan,55761
 anita singh ,55762
 richard eisenbeis,55848
 rob sheffield,56131
 jenna busch,56326
 allison keene,56433
 hanh nguyen,56445
 june thomas,56451
 leonardo goi,56617
 chris tilly,57514
 hillary busis,57578
 marissa martinelli,57718
 heather schwedel,57926
 danette chavez,58072
 adi robertson,59000
 joshua yehl,59986
 joelle monique,59987
 phil gallo,60415
 sasha stone,61128
 constance grady,61836
 isaac butler,61842
 joel selvin,61872
 brett arnold,62257
 joi childs,62624
 abby olcese,63183
 ryan swen,63713
 molly eichel,63783
 miriam di nunzio,63804
 rebecca keegan,63814
 marsha mccreadie,63944
 allen salkin,64100
 charles gant,64442
 gail pennington,64480
 tim appelo,64696
 robert lloyd,64814
 joe mcgovern,65057
 james marsh,65725
 katherine pushkar ,65742
 manori ravindran,65837
 meave gallagher,67339
 sean nam,67368
 seth stevenson,67751
 mark adams,67986
 justin gerber,68775
 kyle ryan,69346
 jonathan dornbush,69782
 nathan bartlebaugh,70230
 sandie angulo chen,71745
 max cea,72394
 josh lasser,72419
 matthew gilbert,73136
 erica abeel,73233
 aimee knight,74096
 juan barquin,74206
 anna swanson,74542
 lou thomas,74602
 sharon knolle,74653
 david canfield,75114
 josiah teal,75262
 chris waywell,75280
 emma fraser,75295
 tatiana tenreyro,75308
 sonia saraiya,75828
 alan sepinwall,75842
 hank stuever,75845
 michael starr,75852
 james poniewozik,75855
 malcolm venable,76492
 maureen ryan,76960
 alex mccown,77743
 julia cooper,78840
 lanre bakare,78916
 patricia smith,79033
 ariel scotti,79250
 jack giroux,79483
 nico lang,79618
 samantha highfill,79872
 jamieson cox,79913
 amanda waltz,79936
 aaron riccio,79983
 collin brennan,80115
 allie gemmill,80122
 raakhee mirchandani,80388
 david james,80616
 jonathan l. fischer,81079
  darren ruecker,81604
 katy waldman,82116
 catherine bray,84429
 sarah myles,85629
 rebecca bulnes,86644
 bernard boo,87521
 brooke hauser,89492
 hal lipper,89553
 susannah gruder,89825
 isabelia herrera,89892
 bill cosford,89961
 charlie brigden,90244
 claire shaffer,90251
 meredith borders,90521
 orlando maldonado,90703
 michael leader,91230
 el hunt,91301
 caitlin quinlan,91747
 debbie zhou,91850
 aramide tinubu,91878
 patrick gomez,92002
 hannah hoolihan,92503
 elizabeth montgomery,92780
 laura miller,93710
 shaena montanari,95141
 christina cauterucci,97586
 nicholas fonseca,98229
 alexis gunderson,98282
 irene monokandilos,98305
 meagan navarro,98834
 ashley ray-harris,100636
 corrina antrobus,101363
 jaelani turner-williams,101950
 josh kurp,102860
 kevin nguyen,104023
 deborah krieger,104750
 anthony salveggi,106939
 kwame opam,108323
 esther zuckerman,109481
 josh cabrita,110384
 gloria goodale,111487
 kelly lawler,114440
 sharan shetty,116697
 matt hoffman,119771
 vincent canby,121459
 theo schear,122105
 christopher muther,122766
 caroline framke,123752
 margaret lyons,123760
 marc lee,124500
 sean oâconnell,124952
 amanda may meyncke,127263
 ciara lavelle,127946
 donald liebenson,128453
 stephanie carrie,129397
 jessica shaw,130083
 christopher bell,130365
 brandon harris,131725
 kyle macmillan,132126
 aaron cutler,132417
 carmen gray,132880
 sam woolf,133926
 jim emerson,134023
 nancy dewolf smith,135288
 diana drumm,135574
 emma bernstein,136000
 jonathan crocker,136952
 edward davis,140901
 kathleen maher,149893
 bosley crowther,149895
 andrew sarris,149897
 john devore,152797
 david haglund,163207
 sarah hepola,167791
 howard karren,168504
 ethan alter,169018
 scott brown,169144
 robert dominguez,169927
 jessica letkemann,173076
 ross williams,173154
 bill muller,173237
 michael h. kleinschrodt,173245
 james wegg,174613
 john mcmurtrie,176113
 desmond ryan,176201
 jay carr,176202
 peter brunette,176209
 curtis morgan,176211
 lisa alspector,176214
 diana abu-jaber,176216
 kevin maynard,176248
 robert horton,176255
 cody clark,176272
 hannah brown,176312
 sean means,176369
 christopher brandon,176422
 ted gideonse,176427
 peter stack,176440
 kevin carr,176794
 allison benedikt,176899
 ken tucker,177003
 barry johnson,177128
 benjamin strong,179096
 janet maslin,179099
 henry cabot beck,182697
 andy seiler,183000
 j. rentilly,183015
 nick rutigliano,183041
 larry terenzi,183044
 susannah breslin,183091
 gemma files,183118
 sara wildberger,183181
 stephen miller,183834
 barbara shulgasser,184485
 tom cappello,184497
 caroline westbrook,185661
 jay boyar,189498
 melissa levine,191382
 joshua land,191864
 neva chonin,192351
 tim sanger,200075
 heather wadowski,200157
 david ehrenstein,200280
 m.v. moorhead,200955
 hal hinson,212895
 troy patterson,215029
 joanna weiss,215032
 akiva gottlieb,217726
 russell scott smith,217804
 debra birnbaum,219231
 kevin allison,219371
 leah mclaren,220469
 joe mader,224583
