award_id,movie_id,movie_award_id
4729,2,1
2829,5,2
19,5,3
5592,16,4
2998,21,5
1589,21,6
4969,25,7
4076,28,8
1563,28,9
5530,30,10
5901,43,11
5664,50,12
1037,75,13
4834,75,14
1084,109,15
4159,109,16
3462,134,17
2923,145,18
599,219,19
5862,219,20
1004,219,21
5535,222,22
1884,222,23
4929,232,24
3731,249,25
987,260,26
1185,260,27
3888,260,28
5113,264,29
2605,291,30
1545,303,31
4521,303,32
6259,312,33
3089,318,34
756,318,35
5483,339,36
1602,339,37
1063,414,38
2800,414,39
4033,480,40
229,582,41
2442,582,42
193,582,43
4102,593,44
5691,602,45
3239,625,46
832,625,47
1732,635,48
3988,635,49
6269,706,50
6119,747,51
4032,751,52
1085,751,53
4744,777,54
3155,797,55
5288,799,56
4823,807,57
638,807,58
983,821,59
4208,821,60
6053,827,61
3143,913,62
2603,922,63
731,922,64
796,926,65
2299,926,66
5019,927,67
4857,1003,68
1921,1003,69
3845,1010,70
6241,1029,71
4705,1048,72
2205,1064,73
350,1064,74
433,1064,75
110,1066,76
3375,1066,77
4743,1068,78
844,1068,79
451,1109,80
1154,1109,81
3488,1109,82
864,1156,83
2174,1156,84
407,1156,85
3771,1285,86
6356,1294,87
1191,1311,88
2443,1311,89
402,1311,90
4682,1375,91
1824,1467,92
3843,1467,93
167,1467,94
2552,1476,95
6384,1524,96
1359,1584,97
4161,1584,98
1899,1595,99
5636,1595,100
2669,1606,101
3469,1610,102
5701,1669,103
5642,1705,104
501,1775,105
335,1775,106
3360,1775,107
4545,1780,108
311,1780,109
706,1780,110
5349,1851,111
139,1851,112
3969,1854,113
2901,1862,114
377,1862,115
457,1862,116
4041,1867,117
2338,1876,118
755,1876,119
3617,1886,120
2040,1915,121
3528,1948,122
5817,1963,123
5398,1986,124
1818,1990,125
5160,1990,126
5375,1996,127
502,2041,128
2457,2041,129
757,2052,130
1406,2052,131
2516,2052,132
5885,2083,133
5065,2096,134
6386,2098,135
3318,2102,136
2588,2134,137
551,2157,138
4191,2157,139
4399,2204,140
3335,2211,141
1398,2211,142
3822,2224,143
2725,2244,144
5140,2251,145
4249,2264,146
1580,2264,147
6133,2288,148
2799,2297,149
884,2297,150
5718,2324,151
6331,2380,152
5404,2395,153
3945,2398,154
1745,2398,155
11,2437,156
4450,2437,157
4980,2524,158
1281,2532,159
1360,2532,160
4315,2532,161
2480,2558,162
327,2558,163
203,2558,164
58,2566,165
3861,2566,166
4083,2581,167
5768,2590,168
5046,2595,169
6212,2615,170
2363,2674,171
575,2689,172
6401,2689,173
1525,2703,174
5971,2703,175
4468,2704,176
730,2704,177
5441,2709,178
2072,2712,179
5239,2715,180
3971,2736,181
5192,2775,182
3842,2791,183
5393,2860,184
6021,2878,185
1448,2878,186
1258,2941,187
4356,2941,188
1839,2941,189
3615,2981,190
1562,2996,191
4974,2996,192
2983,3024,193
509,3058,194
4187,3058,195
524,3058,196
3460,3078,197
1106,3078,198
4985,3125,199
2285,3157,200
1898,3162,201
6335,3162,202
403,3164,203
5788,3164,204
1296,3301,205
3290,3301,206
6317,3316,207
3157,3363,208
3273,3379,209
3797,3399,210
5158,3403,211
1223,3403,212
6221,3428,213
4419,3431,214
1250,3431,215
3072,3435,216
6120,3484,217
795,3506,218
4876,3506,219
904,3515,220
5209,3515,221
4421,3560,222
1564,3560,223
5290,3569,224
4821,3571,225
4930,3576,226
1747,3576,227
5403,3588,228
3193,3589,229
3527,3593,230
456,3593,231
240,3593,232
448,3595,233
3001,3595,234
4591,3617,235
5191,3621,236
4877,3632,237
5742,3664,238
4767,3744,239
849,3764,240
818,3764,241
2479,3764,242
326,3766,243
2719,3766,244
3656,3791,245
3074,3816,246
5544,3856,247
3399,3863,248
2132,3929,249
1640,3946,250
4610,3946,251
2059,3991,252
3106,4008,253
236,4008,254
6000,4014,255
3825,4074,256
5647,4082,257
265,4094,258
405,4094,259
4313,4094,260
4592,4161,261
2440,4167,262
5472,4199,263
5161,4220,264
2401,4224,265
4116,4262,266
775,4262,267
4229,4269,268
1070,4279,269
2398,4279,270
679,4279,271
2116,4351,272
2549,4391,273
2250,4395,274
3194,4416,275
6336,4423,276
4573,4445,277
3580,4447,278
873,4447,279
1544,4458,280
3592,4458,281
4928,4502,282
1208,4502,283
5316,4533,284
6001,4542,285
4820,4546,286
6242,4577,287
4101,4595,288
4118,4597,289
1494,4597,290
4470,4604,291
1609,4604,292
5391,4630,293
1397,4630,294
600,4670,295
3133,4670,296
1064,4678,297
3929,4678,298
484,4678,299
5374,4690,300
3951,4717,301
5018,4719,302
1105,4719,303
2937,4724,304
3050,4765,305
1127,4765,306
5565,4776,307
870,4803,308
2666,4803,309
2018,4803,310
5030,4856,311
1551,4868,312
1511,4868,313
5093,4868,314
3795,4878,315
5421,4894,316
472,4894,317
1981,4924,318
4976,4924,319
963,4970,320
665,4970,321
3400,4970,322
56,4979,323
5258,4979,324
658,4981,325
3246,4981,326
399,4985,327
643,4985,328
3968,4985,329
5091,4987,330
2837,4990,331
863,4990,332
5045,4991,333
5159,4998,334
1591,4998,335
6240,5084,336
3549,5135,337
950,5135,338
1251,5136,339
4162,5136,340
3028,5166,341
2150,5170,342
166,5170,343
644,5174,344
2860,5174,345
1146,5174,346
2324,5229,347
4774,5233,348
659,5264,349
713,5264,350
2209,5264,351
1801,5278,352
4522,5278,353
1420,5280,354
4565,5280,355
204,5284,356
194,5284,357
3114,5284,358
3726,5314,359
1107,5314,360
378,5318,361
2263,5318,362
2455,5345,363
473,5345,364
4141,5358,365
1273,5409,366
5063,5409,367
1650,5412,368
84,5412,369
4398,5412,370
5173,5496,371
6143,5498,372
3801,5500,373
2914,5522,374
1664,5522,375
2721,5548,376
927,5548,377
4481,5551,378
5455,5554,379
328,5566,380
4057,5566,381
585,5566,382
5000,5589,383
5814,5591,384
4276,5593,385
5482,5594,386
5743,5619,387
550,5622,388
2339,5622,389
4163,5625,390
1476,5625,391
2071,5653,392
4501,5656,393
137,5661,394
4564,5661,395
109,5664,396
4973,5664,397
4839,5669,398
1449,5677,399
5210,5677,400
5990,5678,401
5972,5680,402
2627,5725,403
4133,5764,404
5289,5778,405
2226,5853,406
776,5853,407
2720,5862,408
843,5862,409
4314,5863,410
951,5876,411
4077,5876,412
3750,5927,413
1837,5927,414
228,5927,415
1663,5929,416
3724,5929,417
3817,5956,418
5021,5959,419
1148,5959,420
57,5984,421
6402,5984,422
3796,6040,423
241,6050,424
4331,6050,425
705,6099,426
3288,6099,427
3770,6132,428
1931,6132,429
4907,6157,430
123,6157,431
2020,6157,432
1399,6167,433
5442,6167,434
3210,6180,435
1930,6180,436
1995,6198,437
5308,6198,438
5064,6213,439
1579,6213,440
2740,6229,441
168,6242,442
177,6242,443
2861,6242,444
3125,6250,445
609,6250,446
4013,6259,447
6022,6289,448
1788,6316,449
3402,6316,450
4172,6367,451
5190,6371,452
548,6377,453
3631,6377,454
4793,6390,455
3444,6401,456
1126,6418,457
1347,6418,458
2745,6418,459
3003,6433,460
777,6433,461
6337,6476,462
1965,6477,463
2058,6477,464
1967,6505,465
3679,6505,466
842,6537,467
2900,6537,468
4616,6538,469
6049,6546,470
6194,6549,471
3987,6565,472
680,6565,473
525,6568,474
2527,6568,475
4955,6586,476
906,6677,477
3632,6677,478
6176,6687,479
1592,6690,480
4292,6690,481
5475,6702,482
4661,6706,483
1897,6714,484
4247,6714,485
6211,6716,486
4792,6721,487
5174,6757,488
3798,6772,489
4499,6795,490
547,6804,491
3419,6804,492
4927,6822,493
1715,6822,494
5665,6824,495
614,6824,496
334,6824,497
5317,6828,498
5953,6868,499
910,6868,500
660,6868,501
2515,6885,502
3029,6934,503
4543,6979,504
5488,6999,505
4905,7008,506
5534,7018,507
6146,7027,508
3377,7031,509
222,7031,510
4653,7041,511
267,7064,512
3211,7064,513
2548,7078,514
1695,7078,515
5973,7145,516
5074,7161,517
889,7162,518
999,7162,519
5951,7162,520
1249,7164,521
2225,7164,522
2090,7185,523
6177,7220,524
3614,7250,525
5238,7257,526
2585,7273,527
2526,7274,528
1206,7274,529
1310,7277,530
5920,7277,531
5720,7334,532
6050,7363,533
1817,7368,534
4291,7368,535
1980,7384,536
2136,7384,537
5833,7418,538
6239,7430,539
4099,7446,540
4418,7447,541
1964,7447,542
2311,7449,543
529,7449,544
917,7449,545
3630,7450,546
883,7450,547
1958,7454,548
6062,7454,549
192,7467,550
3859,7467,551
2938,7481,552
112,7485,553
2110,7485,554
2286,7494,555
1086,7495,556
4611,7495,557
355,7498,558
2838,7498,559
2785,7501,560
3012,7524,561
2644,7610,562
1714,7610,563
5876,7618,564
1418,7618,565
3485,7620,566
2743,7624,567
3677,7644,568
1621,7644,569
682,7655,570
6165,7655,571
1425,7682,572
3237,7682,573
982,7708,574
2878,7708,575
5307,7778,576
5137,7792,577
1799,7804,578
2399,7804,579
2783,7881,580
2381,7882,581
3420,7897,582
1125,7897,583
1883,7900,584
5584,7900,585
1062,7903,586
3289,7903,587
2137,7904,588
4446,7949,589
1781,7949,590
1671,7949,591
4372,7962,592
882,7962,593
1272,7968,594
3209,7968,595
925,7987,596
4926,7987,597
3132,8032,598
797,8032,599
1508,8057,600
6257,8057,601
2414,8060,602
2017,8060,603
2742,8061,604
6354,8066,605
5685,8072,606
5439,8073,607
1060,8073,608
5563,8075,609
3131,8096,610
2107,8103,611
1145,8103,612
1761,8108,613
5571,8108,614
5952,8119,615
578,8131,616
2490,8131,617
4482,8138,618
3425,8141,619
1929,8172,620
3570,8172,621
1787,8172,622
2665,8181,623
1190,8187,624
1016,8187,625
3703,8187,626
4819,8193,627
5935,8222,628
4888,8240,629
111,8266,630
2109,8266,631
5139,8268,632
2297,8283,633
83,8283,634
4098,8284,635
3459,8300,636
980,8300,637
754,8322,638
2877,8322,639
4772,8328,640
6286,8343,641
4480,8344,642
5362,8348,643
4755,8360,644
4138,8388,645
2151,8390,646
2019,8390,647
6098,8410,648
1386,8410,649
5220,8416,650
2978,8423,651
1270,8423,652
1823,8423,653
5832,8439,654
1257,8442,655
634,8442,656
3358,8442,657
5739,8534,658
6305,8536,659
323,8546,660
4465,8546,661
2897,8549,662
1834,8549,663
37,8549,664
6115,8553,665
3045,8556,666
2015,8556,667
2583,8560,668
499,8583,669
3374,8583,670
3794,8667,671
1866,8667,672
1323,8673,673
2566,8673,674
239,8684,675
3000,8684,676
1069,8686,677
3654,8686,678
1561,8686,679
3151,8688,680
3068,8690,681
3371,8691,682
164,8691,683
3312,8710,684
4634,8720,685
1953,8720,686
4816,8726,687
5750,8744,688
5157,8766,689
1743,8766,690
3768,8823,691
1620,8823,692
728,8841,693
4158,8841,694
6332,8842,695
263,8842,696
1456,8842,697
6191,8843,698
4417,8844,699
1912,8846,700
6116,8846,701
3965,8865,702
4609,8877,703
5919,8879,704
5596,8896,705
5025,8907,706
5348,8912,707
138,8912,708
2041,8933,709
6360,8946,710
5717,8983,711
5333,8986,712
2488,8989,713
294,8989,714
136,8995,715
6284,8995,716
434,8995,717
2899,8997,718
596,8997,719
4053,9012,720
4679,9020,721
3021,9021,722
5346,9024,723
1293,9024,724
3524,9027,725
3652,9028,726
217,9032,727
309,9032,728
3747,9032,729
1712,9033,730
4923,9033,731
251,9037,732
3227,9037,733
497,9037,734
6190,9040,735
5088,9042,736
1509,9070,737
2955,9070,738
3905,9089,739
4802,9116,740
6081,9117,741
5237,9150,742
55,9156,743
2797,9156,744
1036,9169,745
2376,9169,746
6381,9180,747
752,9180,748
92,9180,749
3546,9189,750
1322,9189,751
3901,9200,752
1357,9200,753
5609,9203,754
383,9209,755
959,9209,756
6380,9209,757
5188,9210,758
6364,9215,759
5545,9262,760
5002,9275,761
5513,9307,762
4353,9314,763
2246,9315,764
3071,9320,765
2936,9325,766
6048,9336,767
1865,9340,768
6352,9340,769
6047,9343,770
1176,9344,771
2807,9344,772
684,9344,773
1122,9347,774
5110,9347,775
293,9363,776
5874,9363,777
5899,9365,778
2175,9371,779
5857,9383,780
3748,9384,781
4718,9389,782
739,9389,783
1102,9389,784
2798,9395,785
1816,9395,786
2602,9399,787
1914,9399,788
5121,9495,789
4122,9497,790
1294,9502,791
4589,9502,792
252,9506,793
424,9506,794
2088,9506,795
5208,9509,796
1524,9509,797
4818,9510,798
1882,9510,799
2245,9532,800
1686,9532,801
1446,9532,802
67,9535,803
881,9535,804
5811,9535,805
2295,9538,806
81,9538,807
5370,9545,808
3702,9548,809
3087,9549,810
840,9549,811
4769,9550,812
3108,9552,813
28,9552,814
1649,9552,815
106,9559,816
2184,9559,817
3886,9585,818
6258,9603,819
1773,9614,820
6249,9614,821
5172,9660,822
4754,9674,823
3268,9700,824
3568,9715,825
2545,9721,826
4540,9728,827
353,9741,828
2172,9741,829
560,9741,830
220,9771,831
384,9771,832
5767,9771,833
1838,9772,834
3048,9772,835
1170,9776,836
5635,9776,837
6407,9777,838
733,9794,839
5586,9794,840
6222,9809,841
450,9813,842
3678,9813,843
1853,9820,844
5921,9820,845
4972,9832,846
1340,9832,847
93,9835,848
4498,9835,849
264,9835,850
165,9842,851
3502,9842,852
6080,9846,853
998,9848,854
3547,9848,855
3011,9849,856
997,9861,857
762,9861,858
3840,9861,859
2935,9866,860
5089,9870,861
1577,9877,862
1131,9877,863
4097,9877,864
4311,9887,865
4873,9888,866
4072,9890,867
1576,9890,868
3611,9893,869
5187,9900,870
5583,9911,871
3705,9949,872
3688,9974,873
861,10015,874
3985,10015,875
6366,10021,876
1639,10022,877
5486,10022,878
2149,10029,879
613,10029,880
2546,10033,881
2781,10036,882
1339,10047,883
2684,10047,884
134,10049,885
5810,10049,886
1003,10049,887
2169,10050,888
227,10050,889
262,10050,890
3984,10051,891
3653,10060,892
4496,10069,893
1103,10073,894
5207,10073,895
4074,10079,896
4100,10111,897
6213,10144,898
1716,10144,899
1857,10171,900
4393,10171,901
1850,10171,902
2795,10176,903
4747,10177,904
5551,10182,905
5996,10185,906
66,10185,907
979,10185,908
5682,10187,909
5059,10189,910
571,10189,911
2497,10190,912
2394,10193,913
689,10193,914
1471,10193,915
5420,10206,916
6209,10216,917
2304,10226,918
5369,10240,919
1952,10240,920
4380,10244,921
5716,10247,922
4245,10253,923
238,10253,924
3228,10259,925
1744,10300,926
2982,10300,927
5702,10313,928
5878,10316,929
1039,10316,930
5437,10366,931
879,10366,932
5897,10374,933
1123,10388,934
5999,10388,935
1385,10388,936
5017,10406,937
3055,10411,938
2170,10412,939
1280,10412,940
2477,10414,941
397,10414,942
201,10414,943
4854,10427,944
859,10438,945
3673,10438,946
632,10440,947
4371,10440,948
2001,10444,949
373,10444,950
2395,10444,951
2437,10448,952
1813,10454,953
4114,10454,954
2086,10456,955
6161,10457,956
2957,10513,957
329,10513,958
1344,10520,959
3946,10520,960
4449,10555,961
5967,10556,962
986,10557,963
4995,10557,964
150,10558,965
421,10558,966
2739,10558,967
1812,10560,968
4586,10560,969
921,10565,970
2334,10565,971
3313,10569,972
375,10582,973
3047,10582,974
2581,10585,975
712,10585,976
3269,10595,977
2547,10601,978
3190,10606,979
602,10606,980
1814,10606,981
4572,10616,982
677,10636,983
3545,10636,984
1720,10642,985
3355,10642,986
1082,10642,987
3942,10645,988
1374,10645,989
4337,10693,990
2489,10699,991
576,10699,992
1760,10700,993
4953,10700,994
3643,10713,995
5336,10730,996
934,10753,997
726,10753,998
3310,10753,999
3672,10754,1000
1521,10754,1001
5660,10755,1002
1851,10757,1003
3900,10757,1004
1864,10768,1005
5108,10768,1006
4693,10769,1007
4855,10780,1008
5112,10787,1009
1798,10802,1010
4740,10802,1011
2358,10809,1012
558,10811,1013
1035,10811,1014
2898,10811,1015
5715,10829,1016
751,10831,1017
3331,10831,1018
6030,10835,1019
3792,10840,1020
5514,10849,1021
3858,10853,1022
1184,10853,1023
1181,10855,1024
2260,10855,1025
3816,10859,1026
2514,10888,1027
1623,10910,1028
5637,10910,1029
3336,10925,1030
526,10925,1031
4415,10946,1032
1559,10946,1033
2622,10947,1034
5413,10952,1035
4429,10956,1036
1993,10959,1037
2951,10959,1038
3440,10971,1039
4518,10973,1040
1358,10973,1041
4704,10978,1042
5402,10979,1043
6096,10987,1044
1221,10990,1045
5061,10990,1046
6078,11022,1047
2491,11025,1048
3793,11028,1049
3176,11060,1050
3869,11074,1051
3639,11081,1052
2114,11122,1053
6017,11124,1054
4370,11130,1055
1604,11134,1056
6302,11134,1057
5133,11136,1058
1984,11136,1059
2855,11137,1060
3229,11146,1061
4563,11160,1062
1713,11163,1063
3903,11163,1064
6069,11166,1065
3424,11171,1066
6237,11183,1067
2642,11188,1068
703,11188,1069
4396,11190,1070
5206,11195,1071
5543,11214,1072
5304,11218,1073
6070,11234,1074
2155,11256,1075
4420,11300,1076
681,11300,1077
242,11307,1078
2879,11307,1079
5417,11328,1080
738,11330,1081
1033,11330,1082
4309,11330,1083
4703,11333,1084
1815,11340,1085
4696,11340,1086
5950,11348,1087
5933,11356,1088
4719,11360,1089
1143,11366,1090
4924,11366,1091
6141,11369,1092
5135,11378,1093
2344,11381,1094
6175,11384,1095
2856,11396,1096
3416,11408,1097
1203,11408,1098
3986,11423,1099
3192,11441,1100
5392,11451,1101
1526,11451,1102
885,11487,1103
6195,11487,1104
1703,11487,1105
4636,11499,1106
1768,11499,1107
1937,11499,1108
1173,11516,1109
6091,11516,1110
976,11516,1111
3835,11517,1112
4966,11518,1113
4068,11519,1114
1518,11519,1115
4241,11521,1116
1944,11521,1117
4412,11523,1118
1877,11523,1119
91,11525,1120
418,11525,1121
5806,11525,1122
1371,11530,1123
3147,11530,1124
909,11530,1125
4464,11533,1126
3587,11536,1127
1081,11536,1128
4295,11539,1129
4443,11542,1130
1583,11544,1131
1120,11544,1132
2318,11544,1133
3188,11547,1134
5698,11553,1135
1662,11557,1136
559,11557,1137
5663,11557,1138
2337,11565,1139
190,11565,1140
6162,11567,1141
2115,11587,1142
3884,11590,1143
1962,11600,1144
3628,11600,1145
3129,11618,1146
1755,11618,1147
4697,11671,1148
819,11671,1149
5414,11722,1150
4765,11727,1151
15,11727,1152
346,11727,1153
5252,11728,1154
2995,11734,1155
955,11734,1156
214,11738,1157
5627,11738,1158
1959,11741,1159
4869,11741,1160
4007,11754,1161
3721,11757,1162
1101,11757,1163
3150,11764,1164
2069,11766,1165
4073,11794,1166
1183,11794,1167
6353,11795,1168
817,11795,1169
860,11796,1170
5684,11796,1171
2782,11812,1172
218,11814,1173
4790,11814,1174
4694,11821,1175
1618,11821,1176
5109,11832,1177
3883,11834,1178
5564,11866,1179
243,11894,1180
3172,11894,1181
6288,11904,1182
6318,11919,1183
1753,11949,1184
761,11949,1185
2506,11949,1186
4603,11953,1187
790,11953,1188
6173,11958,1189
1617,11965,1190
5579,11965,1191
219,11999,1192
4720,11999,1193
68,11999,1194
3026,12007,1195
1661,12007,1196
4517,12012,1197
2953,12018,1198
107,12018,1199
2424,12020,1200
2857,12023,1201
6140,12027,1202
3396,12029,1203
292,12048,1204
281,12048,1205
4096,12048,1206
5334,12050,1207
6163,12055,1208
2567,12062,1209
1492,12062,1210
2038,12064,1211
4773,12068,1212
4374,12087,1213
1510,12087,1214
3307,12136,1215
5872,12139,1216
877,12139,1217
4461,12151,1218
5300,12152,1219
3788,12153,1220
1468,12154,1221
6376,12154,1222
64,12154,1223
557,12162,1224
3700,12162,1225
133,12162,1226
3437,12168,1227
1320,12173,1228
2896,12173,1229
2543,12184,1230
2815,12186,1231
813,12186,1232
1045,12186,1233
4605,12192,1234
6159,12195,1235
5371,12202,1236
5497,12233,1237
1375,12235,1238
5581,12235,1239
2849,12236,1240
82,12241,1241
2296,12241,1242
1637,12246,1243
4395,12246,1244
4996,12252,1245
2281,12266,1246
5599,12268,1247
5092,12312,1248
4663,12316,1249
1840,12331,1250
5424,12331,1251
152,12331,1252
5815,12348,1253
5435,12365,1254
1975,12365,1255
1055,12375,1256
4367,12375,1257
5697,12387,1258
2696,12390,1259
465,12390,1260
2641,12409,1261
978,12415,1262
2103,12415,1263
4750,12421,1264
4270,12422,1265
1765,12428,1266
4692,12428,1267
4050,12429,1268
4648,12432,1269
6301,12438,1270
1542,12438,1271
348,12446,1272
3566,12446,1273
1822,12446,1274
2056,12455,1275
1205,12455,1276
3398,12458,1277
5532,12460,1278
4874,12467,1279
1881,12467,1280
5875,12468,1281
947,12468,1282
633,12469,1283
3674,12469,1284
1978,12470,1285
3152,12470,1286
1845,12470,1287
5738,12478,1288
1490,12478,1289
2980,12482,1290
310,12482,1291
352,12482,1292
2336,12490,1293
1395,12490,1294
2164,12493,1295
4226,12496,1296
1142,12498,1297
3766,12498,1298
2375,12504,1299
595,12504,1300
5560,12508,1301
5683,12509,1302
792,12509,1303
4204,12512,1304
5934,12519,1305
5740,12521,1306
2284,12568,1307
1305,12615,1308
3625,12615,1309
1615,12626,1310
6064,12626,1311
5153,12638,1312
8,12640,1313
3899,12640,1314
1692,12642,1315
4513,12642,1316
2507,12648,1317
1734,12648,1318
2542,12650,1319
278,12650,1320
569,12650,1321
4093,12652,1322
1685,12652,1323
1710,12652,1324
4225,12661,1325
6067,12662,1326
5255,12666,1327
5855,12671,1328
593,12671,1329
226,12671,1330
5629,12676,1331
1291,12676,1332
333,12677,1333
6234,12677,1334
1659,12677,1335
4414,12678,1336
394,12678,1337
2932,12682,1338
3940,12689,1339
5995,12691,1340
4831,12692,1341
1056,12692,1342
5785,12708,1343
902,12725,1344
1212,12725,1345
4497,12725,1346
5256,12728,1347
5699,12730,1348
2016,12731,1349
642,12731,1350
3612,12731,1351
4115,12732,1352
1730,12732,1353
1271,12739,1354
2413,12739,1355
4833,12741,1356
1034,12741,1357
2623,12743,1358
1233,12744,1359
2244,12744,1360
1680,12745,1361
5968,12745,1362
5134,12747,1363
2683,12755,1364
612,12755,1365
4028,12761,1366
1061,12788,1367
4160,12788,1368
1224,12798,1369
3247,12798,1370
500,12799,1371
6306,12799,1372
354,12800,1373
122,12800,1374
3112,12800,1375
561,12841,1376
298,12841,1377
2706,12841,1378
1475,12843,1379
5877,12843,1380
2645,12847,1381
427,12847,1382
3868,12863,1383
2423,12865,1384
4785,12873,1385
1319,12874,1386
3085,12874,1387
6136,12877,1388
1230,12880,1389
2315,12880,1390
443,12889,1391
3542,12889,1392
5490,12890,1393
5232,12895,1394
1188,12895,1395
629,12910,1396
2996,12910,1397
6349,12914,1398
3824,12920,1399
260,12927,1400
5606,12927,1401
1423,12927,1402
5608,12928,1403
2950,12939,1404
1777,12939,1405
2393,12947,1406
1909,12948,1407
3206,12948,1408
1336,12953,1409
4559,12953,1410
3225,12956,1411
5027,12967,1412
6005,12978,1413
6079,12988,1414
2979,12992,1415
2438,13000,1416
1780,13000,1417
1885,13000,1418
523,13005,1419
3856,13005,1420
1590,13007,1421
3814,13007,1422
3189,13025,1423
1693,13026,1424
4561,13026,1425
6303,13030,1426
5235,13032,1427
5389,13033,1428
1766,13033,1429
3334,13040,1430
3230,13054,1431
1207,13083,1432
4520,13083,1433
1186,13097,1434
1627,13097,1435
4637,13097,1436
3350,13118,1437
1656,13118,1438
803,13118,1439
1626,13119,1440
1927,13119,1441
4811,13119,1442
835,13125,1443
5151,13125,1444
148,13127,1445
2617,13127,1446
652,13127,1447
3717,13132,1448
7,13164,1449
481,13164,1450
2813,13164,1451
6348,13167,1452
4919,13168,1453
6362,13171,1454
2597,13177,1455
3898,13178,1456
2240,13179,1457
749,13182,1458
4870,13182,1459
5712,13184,1460
5628,13185,1461
5557,13190,1462
770,13193,1463
3042,13193,1464
1201,13197,1465
2639,13197,1466
3523,13217,1467
5015,13220,1468
5303,13224,1469
3285,13227,1470
611,13227,1471
5484,13233,1472
878,13233,1473
2355,13248,1474
6238,13263,1475
5043,13270,1476
1474,13280,1477
1457,13280,1478
2478,13280,1479
2453,13286,1480
960,13286,1481
1523,13287,1482
4695,13287,1483
4739,13294,1484
4950,13300,1485
396,13321,1486
2564,13321,1487
1472,13322,1488
3855,13322,1489
4052,13328,1490
5686,13351,1491
5240,13365,1492
5981,13389,1493
4132,13402,1494
2101,13407,1495
76,13407,1496
5929,13409,1497
4221,13410,1498
5540,13413,1499
5604,13417,1500
4627,13450,1501
4202,13461,1502
653,13461,1503
5749,13475,1504
2221,13476,1505
1031,13476,1506
4946,13477,1507
5827,13481,1508
1878,13481,1509
1219,13486,1510
5013,13486,1511
3596,13493,1512
5508,13497,1513
676,13502,1514
6398,13502,1515
2053,13505,1516
2034,13506,1517
2243,13513,1518
3791,13515,1519
901,13517,1520
4922,13517,1521
4113,13524,1522
1180,13524,1523
4203,13527,1524
420,13533,1525
2895,13533,1526
2738,13542,1527
3287,13546,1528
1144,13546,1529
3967,13547,1530
704,13551,1531
3333,13551,1532
3590,13567,1533
3458,13571,1534
1852,13571,1535
2760,13579,1536
423,13579,1537
6399,13588,1538
470,13588,1539
1473,13592,1540
2487,13592,1541
4738,13600,1542
5418,13606,1543
5997,13612,1544
6174,13619,1545
1572,13635,1546
5384,13635,1547
1367,13658,1548
3450,13658,1549
2060,13668,1550
428,13668,1551
382,13691,1552
24,13691,1553
2314,13691,1554
4626,13696,1555
591,13698,1556
2851,13698,1557
1647,13698,1558
6077,13742,1559
3478,13755,1560
2450,13765,1561
1118,13765,1562
3638,13768,1563
5593,13772,1564
4558,13774,1565
1080,13774,1566
2579,13775,1567
466,13775,1568
482,13775,1569
856,13778,1570
2524,13778,1571
50,13787,1572
3205,13787,1573
2873,13792,1574
1778,13792,1575
1701,13793,1576
4852,13793,1577
4560,13800,1578
163,13800,1579
52,13803,1580
4327,13803,1581
6206,13815,1582
5368,13816,1583
1032,13826,1584
3436,13826,1585
1152,13826,1586
4171,13835,1587
961,13839,1588
2876,13839,1589
4618,13842,1590
574,13844,1591
6400,13844,1592
2512,13845,1593
1836,13857,1594
2584,13857,1595
508,13857,1596
6210,13860,1597
5347,13865,1598
546,13865,1599
2055,13866,1600
2701,13871,1601
1417,13875,1602
2565,13875,1603
657,13877,1604
2796,13877,1605
4466,13882,1606
1797,13882,1607
1911,13888,1608
5580,13888,1609
469,13895,1610
2319,13895,1611
483,13895,1612
2817,13899,1613
2999,13902,1614
880,13902,1615
6285,13915,1616
2262,13922,1617
4835,13942,1618
85,13942,1619
2249,13971,1620
3563,13986,1621
2449,13994,1622
747,13994,1623
417,13996,1624
4067,13996,1625
5464,13997,1626
1481,13997,1627
1211,14000,1628
608,14000,1629
4491,14000,1630
1137,14002,1631
3412,14002,1632
3084,14012,1633
964,14015,1634
4975,14015,1635
1198,14019,1636
5624,14019,1637
3359,14029,1638
1915,14029,1639
4048,14047,1640
2562,14055,1641
1335,14057,1642
5779,14057,1643
2578,14061,1644
6092,14073,1645
2129,14075,1646
1550,14075,1647
3105,14076,1648
5680,14079,1649
1431,14085,1650
640,14085,1651
2392,14085,1652
4257,14097,1653
3964,14098,1654
2662,14099,1655
3330,14102,1656
1880,14102,1657
5542,14104,1658
4751,14105,1659
4183,14108,1660
3023,14112,1661
6172,14115,1662
5254,14117,1663
4571,14118,1664
4968,14121,1665
495,14121,1666
3395,14131,1667
4243,14135,1668
630,14135,1669
5471,14145,1670
398,14156,1671
3373,14156,1672
5419,14160,1673
2741,14161,1674
923,14178,1675
2836,14178,1676
2601,14185,1677
351,14185,1678
1805,14197,1679
3887,14197,1680
3457,14199,1681
4853,14204,1682
5434,14259,1683
2030,14267,1684
1467,14268,1685
276,14268,1686
4305,14268,1687
5913,14269,1688
1018,14294,1689
3461,14294,1690
1527,14296,1691
4698,14296,1692
2201,14311,1693
5759,14322,1694
1110,14322,1695
1392,14322,1696
723,14324,1697
3328,14324,1698
4920,14334,1699
5914,14343,1700
837,14344,1701
2102,14344,1702
2833,14350,1703
977,14350,1704
3939,14353,1705
1894,14353,1706
6235,14373,1707
2052,14384,1708
5529,14385,1709
995,14385,1710
5659,14400,1711
5367,14408,1712
3127,14410,1713
1531,14439,1714
3356,14439,1715
545,14439,1716
3069,14443,1717
3130,14444,1718
773,14444,1719
6365,14445,1720
1606,14452,1721
4329,14452,1722
1136,14463,1723
5892,14463,1724
1843,14463,1725
344,14464,1726
2431,14464,1727
1646,14464,1728
5250,14465,1729
3040,14466,1730
3624,14467,1731
1162,14467,1732
2774,14469,1733
158,14470,1734
5526,14470,1735
6095,14480,1736
6268,14485,1737
6334,14496,1738
4373,14513,1739
1641,14568,1740
5443,14568,1741
3262,14571,1742
3124,14577,1743
213,14577,1744
6266,14587,1745
3979,14589,1746
2276,14590,1747
1429,14590,1748
868,14590,1749
5454,14592,1750
3981,14619,1751
675,14619,1752
1540,14625,1753
5465,14625,1754
173,14625,1755
2679,14627,1756
1679,14627,1757
1415,14639,1758
3938,14639,1759
2852,14642,1760
3719,14643,1761
393,14643,1762
6328,14645,1763
1290,14647,1764
3980,14647,1765
3186,14649,1766
4287,14658,1767
1337,14658,1768
2452,14663,1769
1833,14663,1770
6160,14669,1771
4350,14676,1772
2167,14683,1773
3149,14687,1774
4026,14698,1775
4885,14701,1776
4871,14704,1777
3613,14722,1778
1299,14722,1779
5595,14749,1780
5824,14755,1781
746,14755,1782
5325,14757,1783
737,14757,1784
767,14763,1785
2522,14763,1786
479,14765,1787
4046,14765,1788
834,14765,1789
100,14769,1790
3203,14769,1791
1804,14777,1792
5041,14777,1793
4136,14782,1794
2913,14786,1795
815,14786,1796
2780,14806,1797
2117,14869,1798
3809,14897,1799
697,14897,1800
3718,14924,1801
3670,14926,1802
370,14926,1803
4306,14937,1804
1138,14937,1805
4347,14938,1806
5130,14944,1807
4799,14952,1808
4898,14967,1809
4413,14969,1810
103,14969,1811
5994,14970,1812
1776,14971,1813
6158,14971,1814
5106,14972,1815
290,14973,1816
3414,14973,1817
2779,14977,1818
656,14980,1819
5873,14980,1820
496,14986,1821
4832,14986,1822
4630,14987,1823
6281,14992,1824
2084,15001,1825
4428,15006,1826
4326,15007,1827
444,15007,1828
4814,15008,1829
4736,15013,1830
2681,15015,1831
1013,15015,1832
700,15016,1833
2508,15016,1834
5451,15017,1835
1607,15026,1836
5970,15026,1837
4951,15031,1838
1963,15035,1839
3815,15035,1840
5949,15047,1841
5764,15065,1842
1619,15065,1843
1702,15065,1844
1466,15067,1845
2333,15067,1846
5505,15068,1847
1384,15068,1848
2677,15071,1849
233,15071,1850
4510,15091,1851
3554,15095,1852
5917,15107,1853
1779,15111,1854
5737,15111,1855
949,15142,1856
3548,15142,1857
4460,15181,1858
1740,15181,1859
3477,15191,1860
5036,15196,1861
1443,15199,1862
453,15199,1863
2735,15199,1864
5498,15220,1865
5623,15223,1866
4798,15226,1867
5511,15228,1868
3919,15236,1869
6186,15245,1870
5037,15246,1871
2277,15249,1872
811,15249,1873
277,15249,1874
4660,15253,1875
5866,15266,1876
253,15266,1877
1658,15272,1878
4830,15272,1879
3067,15281,1880
1356,15281,1881
3456,15295,1882
1946,15295,1883
2412,15296,1884
2203,15300,1885
3597,15301,1886
3963,15312,1887
3284,15316,1888
29,15335,1889
3857,15335,1890
4030,15339,1891
2036,15346,1892
4971,15355,1893
3372,15360,1894
374,15360,1895
1288,15369,1896
2370,15369,1897
583,15377,1898
3605,15377,1899
5035,15383,1900
53,15393,1901
2224,15393,1902
2835,15401,1903
189,15401,1904
2089,15412,1905
191,15424,1906
2298,15424,1907
3826,15469,1908
5710,15479,1909
2577,15485,1910
5805,15490,1911
3937,15492,1912
5251,15496,1913
992,15496,1914
1991,15502,1915
4153,15502,1916
6038,15508,1917
1699,15508,1918
1317,15508,1919
6023,15510,1920
297,15510,1921
3009,15528,1922
2793,15529,1923
1516,15529,1924
6373,15532,1925
1264,15534,1926
6275,15534,1927
147,15534,1928
5432,15538,1929
4365,15540,1930
3410,15541,1931
6228,15544,1932
5227,15547,1933
1689,15548,1934
663,15548,1935
3181,15548,1936
5675,15550,1937
1570,15550,1938
5009,15551,1939
342,15553,1940
3325,15553,1941
1655,15557,1942
2078,15557,1943
117,15557,1944
3582,15561,1945
1485,15561,1946
4150,15562,1947
4387,15563,1948
3495,15568,1949
1924,15568,1950
4487,15569,1951
1239,15569,1952
4668,15571,1953
1903,15571,1954
1278,15571,1955
4263,15574,1956
718,15574,1957
1802,15574,1958
1934,15575,1959
1302,15575,1960
5652,15575,1961
4883,15576,1962
1733,15582,1963
4709,15582,1964
272,15583,1965
2467,15583,1966
1262,15583,1967
2732,15584,1968
6037,15587,1969
5694,15588,1970
4714,15593,1971
1558,15593,1972
259,15598,1973
2523,15598,1974
5507,15602,1975
2893,15612,1976
555,15612,1977
49,15612,1978
2660,15623,1979
3479,15636,1980
132,15636,1981
1025,15636,1982
3226,15638,1983
507,15638,1984
750,15638,1985
1141,15640,1986
2223,15640,1987
4095,15650,1988
1504,15660,1989
2294,15660,1990
3790,15664,1991
5039,15669,1992
2380,15671,1993
570,15677,1994
279,15677,1995
5086,15677,1996
4921,15678,1997
6280,15682,1998
5512,15723,1999
1179,15734,2000
4066,15734,2001
4427,15738,2002
6314,15745,2003
2694,15747,2004
5554,15749,2005
1901,15754,2006
4712,15754,2007
5438,15769,2008
1307,15769,2009
962,15788,2010
202,15788,2011
3441,15788,2012
2454,15791,2013
2821,15807,2014
4117,15817,2015
1378,15817,2016
862,15821,2017
2360,15821,2018
1405,15821,2019
3989,15833,2020
616,15833,2021
5212,15838,2022
356,15838,2023
2891,15854,2024
1517,15854,2025
429,15854,2026
442,15857,2027
4366,15857,2028
2929,15863,2029
4091,15864,2030
5364,15867,2031
531,15867,2032
130,15867,2033
789,15873,2034
2812,15873,2035
932,15873,2036
3823,15874,2037
4511,15878,2038
1216,15911,2039
3082,15911,2040
6361,15915,2041
4303,15917,2042
22,15917,2043
553,15917,2044
391,15920,2045
1820,15920,2046
4624,15920,2047
3474,15928,2048
4284,15932,2049
1500,15938,2050
1043,15938,2051
4302,15938,2052
1353,15940,2053
3039,15940,2054
4987,15950,2055
1749,15950,2056
2407,15955,2057
156,15955,2058
317,15956,2059
2503,15956,2060
89,15956,2061
2331,15958,2062
439,15958,2063
3473,15960,2064
1512,15964,2065
3258,15964,2066
3136,15965,2067
6157,15973,2068
1573,15973,2069
3497,15974,2070
2165,15978,2071
2974,15985,2072
102,15989,2073
6396,15989,2074
4829,15990,2075
920,15990,2076
3064,15992,2077
6300,15995,2078
3626,16003,2079
3165,16013,2080
3435,16014,2081
4039,16015,2082
2434,16017,2083
1292,16022,2084
4948,16022,2085
432,16022,2086
2130,16041,2087
1232,16041,2088
6093,16045,2089
162,16045,2090
307,16045,2091
3853,16051,2092
187,16051,2093
2717,16054,2094
2794,16059,2095
4787,16060,2096
1832,16062,2097
3353,16062,2098
804,16062,2099
1711,16063,2100
5509,16063,2101
5761,16067,2102
2317,16069,2103
1811,16069,2104
3841,16080,2105
4330,16085,2106
729,16085,2107
3722,16088,2108
4817,16094,2109
3569,16095,2110
627,16124,2111
6394,16124,2112
2292,16129,2113
368,16129,2114
3695,16131,2115
2850,16137,2116
2993,16138,2117
1502,16138,2118
5898,16150,2119
1796,16155,2120
2663,16155,2121
5533,16174,2122
4897,16179,2123
4411,16227,2124
1557,16227,2125
1487,16229,2126
3041,16229,2127
2390,16231,2128
480,16239,2129
1752,16239,2130
4131,16239,2131
4580,16274,2132
4219,16276,2133
14,16276,2134
2715,16281,2135
5,16281,2136
6183,16286,2137
1690,16286,2138
381,16286,2139
4568,16288,2140
1255,16290,2141
2773,16290,2142
918,16290,2143
4845,16293,2144
3739,16298,2145
4364,16299,2146
1706,16299,2147
694,16301,2148
4022,16301,2149
2332,16303,2150
515,16303,2151
4218,16306,2152
2675,16309,2153
1411,16309,2154
3219,16311,2155
5054,16314,2156
719,16316,2157
5729,16316,2158
2026,16319,2159
888,16319,2160
874,16319,2161
1973,16327,2162
5911,16327,2163
895,16330,2164
6273,16330,2165
1067,16330,2166
5247,16332,2167
2771,16333,2168
504,16333,2169
952,16333,2170
1463,16338,2171
2991,16338,2172
2847,16340,2173
319,16352,2174
584,16352,2175
4536,16352,2176
289,16365,2177
3242,16365,2178
3185,16368,2179
1928,16371,2180
5204,16371,2181
2619,16377,2182
1810,16377,2183
5795,16380,2184
4269,16385,2185
419,16390,2186
4674,16390,2187
149,16390,2188
4584,16391,2189
3962,16393,2190
1648,16393,2191
1355,16393,2192
3385,16395,2193
4886,16396,2194
3370,16407,2195
188,16407,2196
4036,16408,2197
2168,16413,2198
4815,16416,2199
5915,16418,2200
4212,16423,2201
5185,16425,2202
5946,16427,2203
3166,16431,2204
3265,16433,2205
4369,16438,2206
1308,16448,2207
2261,16448,2208
5765,16457,2209
498,16464,2210
3088,16464,2211
5026,16484,2212
4562,16488,2213
3183,16490,2214
5918,16496,2215
1694,16496,2216
1422,16498,2217
3261,16498,2218
3646,16499,2219
4220,16502,2220
4569,16509,2221
2048,16511,2222
2126,16512,2223
3305,16513,2224
5982,16518,2225
2185,16557,2226
1432,16557,2227
3676,16559,2228
3944,16578,2229
926,16578,2230
4207,16580,2231
3170,16586,2232
1342,16586,2233
5489,16590,2234
475,16590,2235
4213,16597,2236
2678,16614,2237
1370,16614,2238
4933,16616,2239
5776,16660,2240
4555,16671,2241
74,16683,2242
2408,16683,2243
315,16699,2244
2674,16699,2245
514,16704,2246
4828,16704,2247
4844,16708,2248
2792,16714,2249
736,16715,2250
2691,16715,2251
1956,16719,2252
639,16719,2253
6227,16719,2254
3279,16722,2255
972,16722,2256
5450,16723,2257
1079,16733,2258
3368,16733,2259
3520,16735,2260
3204,16744,2261
6137,16751,2262
5085,16752,2263
2716,16753,2264
320,16753,2265
3764,16766,2266
1012,16766,2267
2051,16769,2268
1831,16775,2269
2473,16775,2270
1821,16775,2271
3086,16792,2272
349,16792,2273
5559,16793,2274
3128,16798,2275
5416,16802,2276
4463,16806,2277
2451,16809,2278
1520,16809,2279
2778,16811,2280
3586,16818,2281
1220,16818,2282
291,16820,2283
5107,16820,2284
5387,16823,2285
4274,16828,2286
740,16828,2287
903,16828,2288
3609,16836,2289
4312,16841,2290
3418,16845,2291
1731,16845,2292
3483,16855,2293
847,16859,2294
919,16859,2295
2352,16859,2296
3902,16863,2297
1015,16863,2298
1059,16865,2299
3245,16865,2300
539,16876,2301
4389,16876,2302
1402,16876,2303
2504,16886,2304
5883,16887,2305
5485,16892,2306
4444,16893,2307
1321,16898,2308
2600,16898,2309
4272,16906,2310
3191,16916,2311
6282,16917,2312
2625,16931,2313
527,16981,2314
5688,16981,2315
172,16992,2316
4346,16992,2317
234,16992,2318
2810,17000,2319
274,17000,2320
566,17000,2321
3240,17031,2322
3807,17034,2323
1875,17035,2324
4867,17035,2325
5756,17039,2326
6011,17040,2327
211,17040,2328
2733,17044,2329
4916,17046,2330
4733,17052,2331
6296,17053,2332
1726,17057,2333
6250,17057,2334
5591,17058,2335
2468,17063,2336
45,17063,2337
1452,17063,2338
3430,17066,2339
3347,17067,2340
1254,17067,2341
808,17067,2342
3201,17068,2343
440,17068,2344
4748,17070,2345
6322,17077,2346
6108,17082,2347
938,17085,2348
3121,17085,2349
1807,17091,2350
1624,17091,2351
5460,17091,2352
5281,17092,2353
1793,17097,2354
2147,17097,2355
2650,17101,2356
2920,17105,2357
6278,17110,2358
5842,17115,2359
4005,17117,2360
1266,17118,2361
1024,17118,2362
3648,17118,2363
2912,17119,2364
791,17119,2365
4154,17120,2366
994,17121,2367
4112,17121,2368
3836,17125,2369
215,17135,2370
2758,17135,2371
3521,17138,2372
5205,17159,2373
543,17163,2374
3941,17163,2375
2544,17167,2376
1795,17167,2377
4442,17186,2378
5344,17196,2379
542,17196,2380
2359,17207,2381
362,17208,2382
1248,17208,2383
2171,17208,2384
3169,17210,2385
1104,17210,2386
5812,17223,2387
1638,17228,2388
4651,17228,2389
6304,17231,2390
4430,17234,2391
1204,17241,2392
2875,17241,2393
5963,17259,2394
572,17274,2395
4328,17274,2396
5634,17306,2397
1341,17308,2398
176,17308,2399
5766,17308,2400
296,17335,2401
2415,17335,2402
3762,17339,2403
1098,17339,2404
6,17341,2405
6110,17341,2406
5758,17343,2407
2595,17346,2408
876,17346,2409
4965,17357,2410
1391,17357,2411
2047,17364,2412
5941,17366,2413
415,17366,2414
931,17366,2415
5083,17368,2416
2676,17370,2417
954,17370,2418
3538,17381,2419
6061,17382,2420
490,17385,2421
5676,17385,2422
2889,17392,2423
3976,17395,2424
1115,17395,2425
4408,17396,2426
4001,17402,2427
2046,17408,2428
1904,17409,2429
6345,17409,2430
1178,17410,2431
3666,17410,2432
2310,17414,2433
341,17414,2434
247,17414,2435
2537,17416,2436
2808,17422,2437
1684,17422,2438
4300,17423,2439
2654,17428,2440
1499,17429,2441
3713,17429,2442
5801,17437,2443
5548,17440,2444
5319,17443,2445
966,17443,2446
622,17443,2447
5313,17446,2448
2128,17451,2449
5711,17455,2450
3599,17456,2451
5657,17458,2452
5057,17459,2453
5168,17465,2454
2354,17474,2455
4069,17479,2456
5282,17481,2457
186,17485,2458
5807,17485,2459
35,17485,2460
5931,17486,2461
4850,17493,2462
2000,17494,2463
812,17494,2464
5328,17494,2465
6187,17496,2466
2697,17497,2467
250,17497,2468
161,17497,2469
3544,17498,2470
1505,17498,2471
5714,17509,2472
858,17509,2473
308,17509,2474
5120,17510,2475
6207,17511,2476
814,17511,2477
4051,17518,2478
3650,17526,2479
1961,17526,2480
87,17538,2481
3633,17538,2482
5582,17557,2483
4054,17558,2484
5257,17568,2485
3589,17577,2486
324,17577,2487
5888,17597,2488
2076,17601,2489
170,17601,2490
155,17601,2491
648,17603,2492
581,17603,2493
2770,17603,2494
13,17604,2495
4216,17604,2496
96,17604,2497
4378,17608,2498
4152,17622,2499
6068,17639,2500
3094,17644,2501
1947,17648,2502
6351,17648,2503
5016,17649,2504
6020,17656,2505
3286,17658,2506
522,17658,2507
184,17711,2508
119,17711,2509
2127,17711,2510
5326,17718,2511
5992,17720,2512
3467,17722,2513
2081,17723,2514
1983,17723,2515
3146,17724,2516
1200,17724,2517
90,17724,2518
3787,17728,2519
867,17734,2520
3431,17734,2521
505,17741,2522
3832,17741,2523
2538,17742,2524
1893,17742,2525
618,17742,2526
5081,17744,2527
745,17744,2528
1645,17744,2529
6372,17754,2530
3382,17760,2531
4000,17761,2532
5102,17765,2533
896,17766,2534
1644,17766,2535
4128,17766,2536
4623,17773,2537
4127,17778,2538
4915,17780,2539
6295,17784,2540
5266,17786,2541
2065,17787,2542
3949,17792,2543
4238,17794,2544
4599,17797,2545
1253,17799,2546
231,17799,2547
4807,17799,2548
2592,17801,2549
178,17801,2550
4959,17803,2551
2805,17804,2552
70,17805,2553
4911,17805,2554
4018,17807,2555
913,17807,2556
94,17808,2557
4484,17808,2558
197,17808,2559
5845,17809,2560
1438,17812,2561
5428,17812,2562
3096,17817,2563
4194,17818,2564
1237,17818,2565
1484,17819,2566
3035,17819,2567
4379,17823,2568
2757,17824,2569
6034,17826,2570
404,17826,2571
936,17826,2572
2884,17830,2573
3607,17832,2574
5386,17845,2575
3789,17848,2576
2183,17850,2577
1489,17850,2578
6279,17852,2579
1245,17858,2580
3126,17858,2581
78,17862,2582
1256,17862,2583
2853,17862,2584
3838,17877,2585
3499,17881,2586
1445,17881,2587
5829,17885,2588
772,17888,2589
3415,17888,2590
4716,17895,2591
467,17901,2592
2148,17901,2593
1977,17904,2594
2242,17904,2595
2761,17921,2596
4246,17933,2597
2037,17935,2598
5830,17945,2599
1756,17945,2600
5784,17950,2601
6036,17959,2602
3428,17961,2603
717,17964,2604
5550,17964,2605
198,17964,2606
1093,17965,2607
4020,17965,2608
4107,17966,2609
1514,17966,2610
6085,17967,2611
1113,17968,2612
1021,17968,2613
4806,17968,2614
4081,17971,2615
990,17973,2616
4598,17973,2617
1129,17975,2618
1195,17975,2619
2122,17975,2620
5342,17978,2621
208,17978,2622
5693,17979,2623
1053,17980,2624
6155,17980,2625
6230,17984,2626
1677,17986,2627
4868,17986,2628
4490,17987,2629
2734,17990,2630
212,17993,2631
3584,17993,2632
1727,17994,2633
4783,17994,2634
2539,18000,2635
5631,18005,2636
702,18005,2637
4752,18021,2638
325,18037,2639
1153,18037,2640
4228,18037,2641
6156,18038,2642
1054,18058,2643
2146,18058,2644
2388,18062,2645
5180,18065,2646
686,18069,2647
2890,18069,2648
6297,18078,2649
1905,18078,2650
3977,18079,2651
1194,18083,2652
4362,18083,2653
305,18086,2654
2237,18086,2655
1926,18086,2656
3081,18090,2657
766,18090,2658
6153,18093,2659
1750,18093,2660
6109,18100,2661
1941,18100,2662
4981,18103,2663
5412,18106,2664
4643,18110,2665
1401,18112,2666
232,18112,2667
4045,18112,2668
2533,18134,2669
6200,18136,2670
4146,18138,2671
125,18145,2672
2464,18145,2673
1998,18145,2674
3690,18146,2675
2372,18156,2676
1267,18156,2677
1460,18157,2678
4320,18157,2679
2726,18160,2680
4092,18163,2681
5733,18180,2682
3243,18186,2683
541,18186,2684
2316,18190,2685
2777,18195,2686
956,18200,2687
6065,18200,2688
4135,18208,2689
5916,18211,2690
5087,18216,2691
6315,18218,2692
6267,18220,2693
2259,18224,2694
1543,18224,2695
1729,18226,2696
4514,18226,2697
5400,18231,2698
5890,18232,2699
4182,18233,2700
27,18249,2701
4675,18249,2702
175,18249,2703
6142,18259,2704
794,18260,2705
16,18260,2706
3070,18260,2707
3095,18267,2708
5073,18274,2709
2427,18290,2710
1772,18290,2711
359,18290,2712
2968,18291,2713
2634,18292,2714
852,18292,2715
535,18293,2716
3894,18293,2717
5960,18294,2718
127,18294,2719
4148,18296,2720
2309,18297,2721
4425,18304,2722
1158,18306,2723
2791,18306,2724
975,18315,2725
2637,18315,2726
1077,18320,2727
3123,18320,2728
3466,18322,2729
5355,18331,2730
5980,18333,2731
4587,18334,2732
4887,18336,2733
4258,18337,2734
4516,18341,2735
1338,18341,2736
544,18343,2737
3500,18343,2738
3501,18347,2739
1168,18347,2740
1030,18376,2741
3852,18376,2742
2892,18385,2743
1455,18385,2744
2011,18385,2745
2948,18388,2746
711,18391,2747
4713,18391,2748
4944,18392,2749
3184,18393,2750
1117,18393,2751
5056,18394,2752
4439,18396,2753
3452,18404,2754
1707,18404,2755
3053,18409,2756
6218,18419,2757
893,18422,2758
2024,18422,2759
1,18422,2760
4384,18423,2761
534,18423,2762
116,18423,2763
1214,18425,2764
735,18425,2765
4299,18425,2766
3162,18426,2767
5165,18427,2768
5909,18431,2769
3803,18433,2770
1328,18433,2771
4475,18434,2772
5407,18435,2773
144,18435,2774
179,18435,2775
4085,18436,2776
1365,18436,2777
358,18436,2778
2447,18438,2779
126,18438,2780
1350,18439,2781
6151,18439,2782
2886,18440,2783
1653,18440,2784
270,18440,2785
3912,18442,2786
2308,18444,2787
2754,18451,2788
1957,18451,2789
6202,18454,2790
6312,18462,2791
5298,18466,2792
1368,18466,2793
5754,18471,2794
1325,18480,2795
743,18480,2796
6131,18480,2797
4659,18483,2798
536,18489,2799
2635,18489,2800
3830,18492,2801
5178,18495,2802
1871,18497,2803
5649,18497,2804
5006,18499,2805
2232,18501,2806
4550,18511,2807
1889,18511,2808
6368,18512,2809
1209,18512,2810
1048,18512,2811
3277,18514,2812
1652,18515,2813
2790,18515,2814
5541,18533,2815
5853,18534,2816
3264,18549,2817
4993,18550,2818
793,18553,2819
2106,18553,2820
6205,18557,2821
4493,18564,2822
1306,18567,2823
5734,18567,2824
2268,18568,2825
4717,18571,2826
322,18571,2827
455,18571,2828
3813,18579,2829
2699,18589,2830
5736,18592,2831
4479,18593,2832
3720,18594,2833
2279,18599,2834
2435,18607,2835
5154,18610,2836
1992,18611,2837
4349,18611,2838
1596,18611,2839
4925,18625,2840
2070,18636,2841
3732,18645,2842
1364,18647,2843
1247,18647,2844
6283,18647,2845
5390,18658,2846
3998,18663,2847
4827,18666,2848
314,18666,2849
3536,18670,2850
2234,18679,2851
1670,18679,2852
1790,18679,2853
3558,18683,2854
1026,18683,2855
33,18683,2856
1369,18685,2857
1068,18685,2858
2313,18685,2859
3083,18691,2860
1390,18691,2861
5128,18698,2862
6208,18717,2863
1506,18717,2864
2874,18719,2865
1522,18719,2866
3904,18735,2867
1948,18735,2868
5612,18739,2869
628,18749,2870
3669,18749,2871
3306,18753,2872
5555,18756,2873
1414,18764,2874
3540,18764,2875
4982,18765,2876
6326,18767,2877
3604,18771,2878
5201,18775,2879
4199,18778,2880
1116,18778,2881
2430,18780,2882
974,18780,2883
118,18780,2884
2346,18795,2885
914,18797,2886
4529,18797,2887
331,18797,2888
3057,18799,2889
3684,18803,2890
5846,18810,2891
1597,18810,2892
1723,18814,2893
5726,18814,2894
3557,18817,2895
1669,18817,2896
3259,18821,2897
650,18822,2898
6010,18822,2899
2648,18823,2900
5024,18825,2901
5080,18827,2902
5179,18828,2903
3914,18846,2904
588,18849,2905
5008,18849,2906
4689,18854,2907
1630,18854,2908
2422,18856,2909
3324,18857,2910
2218,18859,2911
5051,18861,2912
3556,18866,2913
5357,18868,2914
667,18870,2915
2827,18870,2916
6246,18871,2917
1902,18871,2918
3871,18879,2919
5152,18891,2920
5605,18894,2921
1404,18894,2922
4169,18895,2923
4111,18896,2924
5780,18899,2925
610,18904,2926
3283,18904,2927
5945,18906,2928
2931,18907,2929
2814,18909,2930
105,18927,2931
4156,18927,2932
3746,18929,2933
4071,18934,2934
594,18934,2935
2463,18936,2936
4155,18945,2937
321,18945,2938
5681,18947,2939
3329,18950,2940
1863,18950,2941
2854,18952,2942
4899,18963,2943
1913,18966,2944
5306,18966,2945
4467,18973,2946
5858,18983,2947
3943,18990,2948
6219,18999,2949
4288,19001,2950
4577,19004,2951
1629,19004,2952
4688,19008,2953
5265,19009,2954
4126,19012,2955
5839,19015,2956
2501,19017,2957
1890,19018,2958
4730,19018,2959
5397,19020,2960
5359,19021,2961
4708,19024,2962
6040,19027,2963
3552,19041,2964
3145,19042,2965
62,19042,2966
1691,19042,2967
5055,19045,2968
2256,19046,2969
1556,19046,2970
3651,19052,2971
3983,19054,2972
6018,19056,2973
3610,19059,2974
1269,19068,2975
5782,19068,2976
2035,19070,2977
1243,19079,2978
5481,19079,2979
4602,19082,2980
1217,19090,2981
4784,19090,2982
2239,19092,2983
1078,19092,2984
63,19092,2985
1738,19095,2986
5010,19095,2987
3101,19097,2988
1241,19101,2989
3202,19101,2990
1135,19104,2991
5602,19104,2992
34,19104,2993
5324,19108,2994
1109,19108,2995
5643,19111,2996
2267,19117,2997
5823,19118,2998
1785,19123,2999
915,19123,3000
3179,19123,3001
806,19125,3002
2908,19125,3003
3636,19127,3004
4294,19133,3005
2006,19134,3006
1451,19134,3007
2967,19134,3008
5887,19135,3009
6201,19142,3010
589,19151,3011
2594,19151,3012
4554,19154,3013
5653,19155,3014
3409,19159,3015
973,19159,3016
2636,19165,3017
939,19165,3018
5927,19178,3019
5502,19179,3020
2557,19180,3021
3387,19181,3022
2922,19187,3023
3214,19194,3024
2307,19196,3025
3757,19197,3026
1673,19197,3027
2074,19199,3028
5098,19201,3029
1072,19201,3030
4084,19204,3031
741,19204,3032
2433,19207,3033
6171,19214,3034
2963,19217,3035
4945,19220,3036
4222,19226,3037
5577,19228,3038
5895,19229,3039
4813,19233,3040
1976,19236,3041
3811,19236,3042
4307,19240,3043
4934,19244,3044
1634,19250,3045
4223,19250,3046
2682,19263,3047
6378,19278,3048
1895,19279,3049
6016,19279,3050
4494,19280,3051
6397,19282,3052
1268,19282,3053
2033,19294,3054
816,19301,3055
5332,19301,3056
121,19301,3057
5111,19305,3058
5633,19312,3059
54,19332,3060
4029,19332,3061
5938,19341,3062
412,19342,3063
2217,19342,3064
3772,19346,3065
2572,19354,3066
3934,19355,3067
438,19356,3068
3080,19356,3069
303,19357,3070
765,19357,3071
3301,19357,3072
2767,19371,3073
3221,19375,3074
1345,19379,3075
5229,19379,3076
4872,19387,3077
2054,19389,3078
4789,19395,3079
3103,19412,3080
1632,19412,3081
4918,19413,3082
5871,19418,3083
345,19418,3084
3517,19428,3085
760,19428,3086
2971,19430,3087
1625,19430,3088
1763,19430,3089
4476,19435,3090
2125,19440,3091
1388,19441,3092
2097,19441,3093
3828,19442,3094
313,19446,3095
32,19446,3096
5986,19446,3097
1007,19449,3098
2689,19449,3099
1089,19449,3100
3993,19452,3101
3,19456,3102
4406,19456,3103
6074,19460,3104
4458,19465,3105
2161,19469,3106
1774,19473,3107
3623,19473,3108
2236,19477,3109
1197,19479,3110
5601,19479,3111
478,19479,3112
626,19481,3113
2992,19481,3114
4780,19484,3115
390,19495,3116
3366,19495,3117
1861,19497,3118
5939,19497,3119
1675,19498,3120
6344,19498,3121
2157,19502,3122
73,19504,3123
2143,19504,3124
1922,19506,3125
5820,19506,3126
4525,19507,3127
6247,19508,3128
1872,19508,3129
3299,19509,3130
5144,19511,3131
5023,19513,3132
4260,19518,3133
1362,19518,3134
1938,19518,3135
338,19520,3136
846,19520,3137
2885,19520,3138
2570,19523,3139
3640,19525,3140
6327,19528,3141
2391,19530,3142
1444,19532,3143
3454,19532,3144
4512,19539,3145
5527,19547,3146
371,19550,3147
2598,19550,3148
1165,19552,3149
4786,19552,3150
4604,19553,3151
3649,19556,3152
5169,19560,3153
6363,19561,3154
2032,19568,3155
494,19568,3156
3369,19572,3157
1469,19572,3158
2068,19593,3159
655,19599,3160
6350,19599,3161
5302,19603,3162
2014,19603,3163
6113,19617,3164
2580,19624,3165
5632,19628,3166
4205,19631,3167
2818,19645,3168
1529,19647,3169
5408,19647,3170
1535,19647,3171
5882,19649,3172
3408,19652,3173
1315,19652,3174
2123,19656,3175
3345,19658,3176
1554,19658,3177
6169,19660,3178
3175,19661,3179
4323,19671,3180
696,19671,3181
1229,19672,3182
2576,19672,3183
1486,19672,3184
2775,19675,3185
491,19679,3186
3327,19679,3187
287,19683,3188
6089,19683,3189
1454,19683,3190
2658,19684,3191
5279,19694,3192
3453,19696,3193
567,19696,3194
1876,19701,3195
3282,19701,3196
430,19703,3197
1265,19703,3198
5852,19703,3199
6090,19704,3200
3433,19719,3201
225,19719,3202
722,19719,3203
3391,19721,3204
1900,19725,3205
6088,19725,3206
5525,19729,3207
1571,19729,3208
4617,19730,3209
3583,19734,3210
1076,19734,3211
4809,19743,3212
4890,19745,3213
5937,19749,3214
3140,19750,3215
6293,19752,3216
716,19753,3217
3872,19753,3218
5774,19762,3219
1534,19762,3220
1480,19764,3221
971,19764,3222
4173,19764,3223
4125,19765,3224
21,19771,3225
2714,19771,3226
5849,19772,3227
4781,19774,3228
606,19774,3229
3100,19780,3230
5361,19782,3231
2144,19784,3232
1791,19784,3233
4255,19785,3234
786,19792,3235
866,19792,3236
3831,19792,3237
488,19797,3238
5380,19797,3239
831,19798,3240
1643,19798,3241
4531,19798,3242
5848,19799,3243
2008,19803,3244
2182,19803,3245
5674,19806,3246
4690,19809,3247
1892,19809,3248
5524,19810,3249
2197,19811,3250
1228,19813,3251
5226,19813,3252
4706,19816,3253
1092,19816,3254
245,19816,3255
2907,19822,3256
1260,19822,3257
6292,19823,3258
1066,19830,3259
1513,19830,3260
2158,19830,3261
5930,19834,3262
5936,19836,3263
2832,19838,3264
1218,19838,3265
3994,19846,3266
698,19847,3267
3164,19847,3268
5965,19858,3269
6233,19870,3270
235,19870,3271
5966,19871,3272
6255,19883,3273
1373,19883,3274
5284,19889,3275
3044,19894,3276
5510,19903,3277
4766,19912,3278
5436,19916,3279
6139,19926,3280
1741,19928,3281
3765,19928,3282
5459,19937,3283
5621,19938,3284
72,19938,3285
6217,19941,3286
2067,19942,3287
5430,19949,3288
1870,19953,3289
5501,19953,3290
3685,19958,3291
1097,19961,3292
4023,19961,3293
590,19973,3294
4240,19973,3295
4438,19975,3296
1700,19975,3297
4990,19978,3298
5463,19982,3299
2911,19985,3300
810,19985,3301
6375,19993,3302
1936,19993,3303
4672,19994,3304
1719,19994,3305
1678,19994,3306
4582,20010,3307
3776,20015,3308
61,20016,3309
5708,20016,3310
343,20016,3311
3958,20017,3312
3061,20018,3313
4989,20019,3314
4038,20024,3315
6324,20030,3316
4551,20034,3317
5492,20036,3318
3014,20037,3319
4666,20044,3320
1426,20052,3321
4063,20052,3322
273,20056,3323
2502,20056,3324
286,20056,3325
1028,20060,3326
3451,20060,3327
210,20062,3328
3806,20062,3329
6274,20066,3330
1989,20075,3331
4065,20075,3332
5101,20078,3333
3515,20079,3334
930,20080,3335
3099,20080,3336
1410,20080,3337
4343,20085,3338
2255,20089,3339
853,20089,3340
3038,20092,3341
565,20092,3342
4301,20097,3343
3346,20098,3344
1027,20098,3345
1022,20098,3346
1382,20105,3347
2966,20105,3348
1552,20105,3349
6341,20106,3350
3865,20108,3351
5478,20114,3352
1349,20118,3353
2632,20118,3354
4941,20120,3355
4665,20121,3356
2371,20136,3357
1488,20136,3358
131,20138,3359
2410,20138,3360
5884,20144,3361
2776,20148,3362
3148,20151,3363
5038,20157,3364
5366,20160,3365
4967,20163,3366
1372,20163,3367
4478,20170,3368
3608,20172,3369
26,20172,3370
174,20172,3371
4628,20174,3372
2976,20176,3373
2373,20178,3374
1416,20178,3375
3950,20181,3376
5735,20188,3377
3187,20190,3378
4891,20199,3379
3712,20207,3380
1215,20207,3381
5052,20213,3382
3257,20215,3383
3877,20219,3384
5709,20220,3385
5150,20227,3386
788,20231,3387
2145,20231,3388
1279,20235,3389
1739,20235,3390
4266,20235,3391
1751,20238,3392
4601,20238,3393
3687,20242,3394
5732,20248,3395
5167,20249,3396
4047,20251,3397
5280,20260,3398
4168,20262,3399
1210,20268,3400
4437,20268,3401
2615,20270,3402
1829,20272,3403
3851,20272,3404
46,20276,3405
3326,20276,3406
3667,20282,3407
1161,20282,3408
5077,20295,3409
3954,20299,3410
6125,20302,3411
2302,20303,3412
2751,20306,3413
207,20306,3414
4236,20312,3415
744,20315,3416
6392,20315,3417
4669,20320,3418
3935,20322,3419
1286,20322,3420
2926,20324,3421
6087,20326,3422
462,20329,3423
2655,20329,3424
801,20329,3425
2919,20331,3426
1600,20338,3427
6182,20338,3428
3805,20341,3429
1316,20341,3430
3881,20347,3431
5276,20348,3432
5147,20351,3433
2348,20359,3434
2098,20360,3435
1008,20360,3436
5521,20367,3437
2728,20368,3438
3827,20370,3439
115,20370,3440
647,20370,3441
2120,20371,3442
3013,20372,3443
5908,20377,3444
6263,20378,3445
3996,20380,3446
6270,20381,3447
5117,20383,3448
4325,20384,3449
77,20384,3450
898,20391,3451
6111,20391,3452
4557,20393,3453
3468,20406,3454
3393,20428,3455
3238,20434,3456
1972,20434,3457
1697,20436,3458
5651,20436,3459
4642,20439,3460
1988,20439,3461
4882,20441,3462
3449,20442,3463
285,20442,3464
4262,20444,3465
2195,20446,3466
4,20446,3467
1933,20446,3468
5100,20447,3469
2027,20449,3470
5800,20450,3471
1569,20450,3472
3622,20451,3473
43,20452,3474
2254,20452,3475
1329,20453,3476
3278,20453,3477
607,20455,3478
2220,20455,3479
5104,20458,3480
4749,20466,3481
5942,20470,3482
517,20471,3483
2831,20471,3484
4943,20475,3485
492,20481,3486
4201,20481,3487
1289,20494,3488
306,20494,3489
4003,20494,3490
1096,20509,3491
3715,20509,3492
2927,20521,3493
2534,20522,3494
3642,20525,3495
6039,20526,3496
4597,20528,3497
3785,20529,3498
5145,20531,3499
1112,20531,3500
4106,20537,3501
3300,20539,3502
3493,20543,3503
1826,20543,3504
5479,20545,3505
3957,20552,3506
537,20556,3507
2448,20556,3508
60,20565,3509
4532,20565,3510
1051,20565,3511
3388,20567,3512
1718,20567,3513
2045,20580,3514
5988,20584,3515
6007,20593,3516
4757,20595,3517
1970,20597,3518
5958,20597,3519
3911,20599,3520
2494,20607,3521
3455,20609,3522
699,20609,3523
2647,20611,3524
5203,20615,3525
1862,20615,3526
4526,20620,3527
6248,20633,3528
5146,20637,3529
5753,20639,3530
3323,20640,3531
1351,20640,3532
6294,20643,3533
6272,20645,3534
4174,20646,3535
5225,20649,3536
246,20649,3537
1585,20649,3538
4335,20652,3539
5119,20654,3540
3349,20655,3541
249,20655,3542
1242,20655,3543
3959,20657,3544
224,20659,3545
5655,20659,3546
23,20659,3547
4711,20666,3548
6276,20668,3549
1588,20668,3550
6013,20677,3551
5943,20678,3552
5105,20683,3553
5129,20684,3554
5576,20689,3555
2200,20693,3556
5553,20706,3557
1428,20706,3558
6405,20707,3559
5462,20712,3560
4459,20714,3561
256,20714,3562
3407,20722,3563
1736,20722,3564
3927,20723,3565
1284,20725,3566
4455,20725,3567
4507,20726,3568
411,20726,3569
2918,20727,3570
2421,20736,3571
3775,20745,3572
6028,20752,3573
5079,20754,3574
3738,20755,3575
1536,20755,3576
5322,20768,3577
4339,20774,3578
5223,20778,3579
410,20781,3580
2405,20781,3581
5245,20783,3582
828,20783,3583
5406,20784,3584
1111,20785,3585
5029,20785,3586
5197,20787,3587
5164,20791,3588
2556,20792,3589
2612,20799,3590
3729,20800,3591
3098,20802,3592
3821,20807,3593
1598,20809,3594
3494,20809,3595
5224,20810,3596
6343,20811,3597
4042,20812,3598
3595,20822,3599
4410,20827,3600
651,20827,3601
3553,20834,3602
5841,20847,3603
3730,20849,3604
2695,20857,3605
2496,20858,3606
4670,20859,3607
4151,20861,3608
3740,20864,3609
5217,20873,3610
2194,20878,3611
1301,20882,3612
4805,20882,3613
984,20882,3614
783,20883,3615
5650,20883,3616
1594,20883,3617
4019,20886,3618
512,20886,3619
3909,20887,3620
6179,20888,3621
5447,20889,3622
5522,20892,3623
5821,20893,3624
1748,20895,3625
3322,20895,3626
1939,20896,3627
6035,20896,3628
2711,20897,3629
1133,20897,3630
5246,20901,3631
1439,20901,3632
2830,20904,3633
2009,20904,3634
4881,20906,3635
5707,20909,3636
1383,20909,3637
3280,20915,3638
316,20915,3639
3603,20918,3640
2349,20919,3641
649,20925,3642
2713,20925,3643
2573,20930,3644
4363,20931,3645
2731,20939,3646
1177,20939,3647
5122,20946,3648
5703,20947,3649
4841,20948,3650
3078,20956,3651
691,20956,3652
436,20957,3653
5570,20957,3654
4804,20960,3655
4657,20962,3656
511,20964,3657
3893,20964,3658
3735,20965,3659
5523,20968,3660
710,20971,3661
894,20971,3662
4621,20971,3663
3058,20974,3664
145,20974,3665
587,20974,3666
5493,20978,3667
2181,20985,3668
784,20985,3669
5082,20992,3670
3897,20999,3671
4917,21002,3672
6184,21006,3673
6134,21008,3674
3496,21012,3675
1442,21013,3676
5383,21013,3677
3741,21014,3678
2191,21018,3679
506,21020,3680
3742,21020,3681
518,21020,3682
4286,21023,3683
1539,21023,3684
2330,21066,3685
742,21066,3686
3471,21068,3687
2961,21071,3688
5867,21080,3689
254,21080,3690
623,21087,3691
2867,21087,3692
2369,21090,3693
182,21090,3694
2809,21098,3695
2692,21103,3696
4962,21109,3697
1075,21109,3698
5267,21110,3699
2558,21112,3700
953,21112,3701
5360,21116,3702
4731,21117,3703
1196,21124,3704
3200,21124,3705
2946,21127,3706
2272,21129,3707
533,21136,3708
4062,21136,3709
3492,21139,3710
5457,21140,3711
5619,21143,3712
3384,21153,3713
2025,21159,3714
6180,21162,3715
624,21165,3716
3120,21165,3717
4486,21166,3718
5673,21168,3719
230,21168,3720
2653,21173,3721
1436,21176,3722
4385,21176,3723
2532,21179,3724
3777,21181,3725
6325,21183,3726
1313,21183,3727
1708,21183,3728
721,21188,3729
4002,21188,3730
687,21188,3731
5870,21200,3732
809,21200,3733
200,21212,3734
464,21212,3735
3020,21212,3736
1830,21214,3737
3241,21214,3738
5495,21222,3739
2973,21225,3740
5411,21234,3741
248,21234,3742
787,21234,3743
6265,21242,3744
4215,21245,3745
4960,21248,3746
1073,21248,3747
3097,21250,3748
1042,21250,3749
284,21250,3750
3866,21259,3751
2673,21260,3752
1955,21260,3753
604,21266,3754
2633,21266,3755
3736,21268,3756
5704,21271,3757
2303,21281,3758
5314,21282,3759
4892,21290,3760
2428,21291,3761
4217,21292,3762
4149,21296,3763
693,21296,3764
1891,21302,3765
6009,21302,3766
1555,21309,3767
4197,21309,3768
4383,21310,3769
2179,21315,3770
206,21315,3771
6056,21316,3772
3534,21317,3773
970,21317,3774
2768,21322,3775
3578,21325,3776
1407,21325,3777
154,21326,3778
4298,21326,3779
143,21326,3780
4405,21328,3781
1705,21328,3782
3255,21329,3783
5727,21333,3784
1724,21333,3785
5275,21336,3786
3601,21338,3787
271,21346,3788
564,21346,3789
5031,21346,3790
4658,21351,3791
4986,21352,3792
2868,21356,3793
5987,21359,3794
4964,21364,3795
2972,21369,3796
4671,21375,3797
1333,21379,3798
3716,21379,3799
258,21385,3800
5626,21385,3801
4477,21389,3802
3561,21418,3803
5793,21422,3804
2970,21424,3805
1856,21424,3806
1614,21425,3807
6203,21425,3808
897,21428,3809
5278,21428,3810
1020,21433,3811
1461,21433,3812
2384,21433,3813
2216,21435,3814
668,21435,3815
3448,21444,3816
1157,21444,3817
1435,21448,3818
1613,21448,3819
6129,21448,3820
6369,21454,3821
3295,21456,3822
3644,21457,3823
6132,21460,3824
414,21460,3825
582,21460,3826
4239,21466,3827
4509,21469,3828
5126,21470,3829
5069,21474,3830
5494,21483,3831
1827,21485,3832
5775,21485,3833
5125,21487,3834
4254,21488,3835
830,21491,3836
2500,21491,3837
1654,21494,3838
5199,21494,3839
3139,21496,3840
5446,21498,3841
5295,21513,3842
1300,21513,3843
1149,21516,3844
1722,21516,3845
3215,21516,3846
1737,21522,3847
3037,21522,3848
3913,21524,3849
513,21528,3850
6058,21528,3851
3472,21534,3852
340,21539,3853
4552,21539,3854
416,21543,3855
3411,21543,3856
5218,21548,3857
5575,21549,3858
2657,21553,3859
5794,21557,3860
3917,21562,3861
2351,21564,3862
5506,21565,3863
4535,21569,3864
942,21574,3865
5778,21574,3866
6076,21578,3867
2596,21582,3868
5315,21598,3869
3304,21604,3870
3876,21605,3871
3093,21612,3872
4265,21617,3873
2989,21618,3874
486,21618,3875
3256,21620,3876
3036,21628,3877
4108,21636,3878
1848,21636,3879
1464,21641,3880
4808,21641,3881
552,21641,3882
4426,21644,3883
5148,21648,3884
3386,21651,3885
4043,21653,3886
2387,21655,3887
4865,21656,3888
3559,21660,3889
3665,21661,3890
413,21661,3891
2766,21663,3892
4175,21665,3893
3429,21669,3894
3302,21670,3895
1330,21674,3896
6152,21674,3897
6083,21681,3898
6224,21685,3899
4454,21687,3900
1132,21687,3901
2988,21689,3902
17,21689,3903
2044,21690,3904
5751,21692,3905
4826,21694,3906
41,21694,3907
605,21705,3908
3804,21705,3909
4864,21710,3910
5118,21711,3911
5705,21713,3912
3761,21733,3913
2010,21733,3914
2389,21736,3915
3668,21745,3916
568,21753,3917
5893,21753,3918
5219,21764,3919
2649,21775,3920
1849,21776,3921
1842,21776,3922
5850,21776,3923
4644,21777,3924
720,21777,3925
463,21784,3926
4109,21784,3927
3144,21788,3928
5354,21790,3929
6313,21794,3930
5034,21795,3931
3867,21796,3932
5979,21798,3933
1497,21799,3934
2406,21799,3935
989,21805,3936
4641,21805,3937
3079,21811,3938
3579,21812,3939
872,21812,3940
3092,21815,3941
2426,21817,3942
4264,21826,3943
5978,21836,3944
5912,21837,3945
5409,21844,3946
1050,21846,3947
2368,21846,3948
4940,21847,3949
2461,21854,3950
4386,21859,3951
181,21863,3952
4553,21863,3953
2753,21864,3954
1586,21864,3955
5671,21872,3956
1735,21872,3957
586,21878,3958
2329,21878,3959
6105,21882,3960
1088,21885,3961
603,21885,3962
3470,21885,3963
6319,21888,3964
1409,21889,3965
2712,21889,3966
1227,21893,3967
1612,21893,3968
5985,21893,3969
4913,21895,3970
3829,21902,3971
1298,21902,3972
364,21902,3973
5868,21903,3974
461,21903,3975
2846,21905,3976
6390,21907,3977
255,21907,3978
6321,21911,3979
3102,21916,3980
1935,21916,3981
6075,21921,3982
3348,21930,3983
2962,21938,3984
4282,21948,3985
42,21948,3986
5598,21952,3987
1553,21952,3988
709,21952,3989
4687,21956,3990
1175,21959,3991
1548,21959,3992
2571,21959,3993
2729,21960,3994
1789,21966,3995
5099,21966,3996
2845,21967,3997
799,21967,3998
18,21967,3999
3560,21972,4000
4710,21974,4001
1331,21976,4002
5573,21976,4003
2099,21987,4004
1263,21987,4005
6059,21989,4006
3142,21996,4007
1725,21999,4008
4914,21999,4009
1440,22007,4010
3895,22007,4011
4342,22008,4012
2160,22010,4013
2420,22020,4014
3780,22021,4015
2498,22022,4016
5641,22023,4017
4124,22027,4018
871,22028,4019
2023,22028,4020
3365,22029,4021
1825,22029,4022
5274,22038,4023
1971,22038,4024
5572,22040,4025
3782,22054,4026
3975,22058,4027
1427,22058,4028
3281,22061,4029
3476,22065,4030
3760,22072,4031
5433,22079,4032
2080,22080,4033
4884,22090,4034
4177,22092,4035
3182,22093,4036
1501,22100,4037
5962,22100,4038
4707,22105,4039
5296,22107,4040
2611,22113,4041
6008,22119,4042
3759,22128,4043
489,22128,4044
3509,22135,4045
4082,22136,4046
2429,22141,4047
4040,22146,4048
5725,22147,4049
892,22149,4050
3161,22149,4051
2651,22153,4052
1400,22153,4053
3343,22154,4054
2269,22155,4055
2383,22156,4056
4456,22164,4057
669,22164,4058
3641,22168,4059
3737,22169,4060
6107,22174,4061
5910,22175,4062
5926,22182,4063
6012,22185,4064
1568,22190,4065
4147,22190,4066
6057,22191,4067
3427,22199,4068
6106,22203,4069
5381,22209,4070
4431,22211,4071
1828,22212,4072
2219,22212,4073
5940,22214,4074
5552,22215,4075
3016,22217,4076
5200,22218,4077
1160,22218,4078
1156,22231,4079
4728,22231,4080
929,22233,4081
4619,22233,4082
1314,22233,4083
5692,22241,4084
4528,22242,4085
1770,22243,4086
2710,22243,4087
5977,22244,4088
782,22245,4089
4361,22245,4090
4508,22247,4091
5177,22249,4092
389,22250,4093
4322,22250,4094
3873,22257,4095
5132,22259,4096
5549,22270,4097
3119,22272,4098
2690,22275,4099
5838,22277,4100
4863,22291,4101
4779,22296,4102
5773,22297,4103
5791,22300,4104
1174,22301,4105
5379,22301,4106
4937,22310,4107
5752,22319,4108
1847,22319,4109
1806,22330,4110
3662,22330,4111
2688,22336,4112
6128,22339,4113
2555,22341,4114
459,22341,4115
5925,22342,4116
1859,22346,4117
2142,22346,4118
5886,22356,4119
6150,22364,4120
3774,22366,4121
3689,22372,4122
4123,22403,4123
4613,22412,4124
88,22412,4125
2824,22423,4126
3681,22434,4127
2300,22460,4128
968,22480,4129
5338,22480,4130
6072,22484,4131
6166,22535,4132
6338,22554,4133
3445,22566,4134
4358,22569,4135
5115,22571,4136
5162,22572,4137
4059,22619,4138
3947,22663,4139
2251,22722,4140
5744,22738,4141
3846,22746,4142
690,22746,4143
6387,22751,4144
4910,22762,4145
4725,22827,4146
5518,22855,4147
3680,22888,4148
3990,22926,4149
5376,23006,4150
4684,23071,4151
2590,23073,4152
4956,23094,4153
3274,23170,4154
715,23170,4155
2881,23179,4156
2750,23251,4157
1006,23251,4158
6214,23259,4159
5923,23280,4160
5096,23437,4161
3275,23459,4162
1533,23459,4163
6244,23463,4164
2607,23484,4165
4423,23486,4166
1236,23490,4167
2328,23490,4168
4016,23491,4169
5616,23587,4170
1005,23650,4171
6388,23650,4172
5905,23763,4173
5293,23785,4174
6359,23801,4175
2119,23923,4176
6290,23968,4177
727,23978,4178
2105,23978,4179
5639,24002,4180
6054,24020,4181
3891,24023,4182
1888,24023,4183
4879,24063,4184
3619,24069,4185
6243,24076,4186
4685,24091,4187
827,24091,4188
3442,24147,4189
2530,24174,4190
5292,24244,4191
4595,24246,4192
3754,24291,4193
5311,24298,4194
5262,24316,4195
1784,24320,4196
2863,24320,4197
3555,24322,4198
4574,24334,4199
4549,24401,4200
6197,24415,4201
2404,24522,4202
3930,24560,4203
2093,24567,4204
3890,24642,4205
2826,24748,4206
1348,24748,4207
5242,24764,4208
441,24792,4209
2409,24792,4210
3734,24824,4211
4824,24840,4212
3508,24895,4213
5194,24913,4214
1424,24939,4215
2987,24939,4216
3212,24987,4217
4017,25178,4218
4259,25214,4219
4103,25226,4220
4078,25299,4221
617,25299,4222
3531,25301,4223
5426,25312,4224
2883,25342,4225
2865,25411,4226
1019,25435,4227
4209,25435,4228
6025,25484,4229
3532,25514,4230
2265,25522,4231
621,25529,4232
2214,25529,4233
2042,25548,4234
5955,25596,4235
4979,25646,4236
5975,25743,4237
3863,25762,4238
2022,25762,4239
2765,25838,4240
1376,25891,4241
4608,25891,4242
2748,25948,4243
503,25995,4244
3250,25995,4245
3710,26036,4246
3728,26106,4247
2340,26176,4248
528,26176,4249
3931,26208,4250
4978,26209,4251
4797,26227,4252
4145,26234,4253
4615,26237,4254
5670,26265,4255
2519,26286,4256
6055,26302,4257
6215,26335,4258
4234,26338,4259
3973,26343,4260
6277,26383,4261
4655,26391,4262
3116,26397,4263
3800,26464,4264
3423,26476,4265
3577,26491,4266
4404,26553,4267
5272,26619,4268
3404,26645,4269
666,26645,4270
3319,26699,4271
2569,26721,4272
6339,26752,4273
4403,26812,4274
5924,26838,4275
5538,26841,4276
3708,26878,4277
6103,26948,4278
5318,27066,4279
5003,27121,4280
1252,27121,4281
5243,27150,4282
3033,27153,4283
969,27153,4284
114,27157,4285
2959,27157,4286
3773,27182,4287
4700,27215,4288
2253,27235,4289
3342,27264,4290
3446,27283,4291
3364,27286,4292
3134,27315,4293
822,27315,4294
4400,27338,4295
269,27381,4296
3819,27381,4297
3252,27424,4298
890,27486,4299
4318,27486,4300
2306,27591,4301
5156,27662,4302
5022,27687,4303
1954,27739,4304
2094,27739,4305
5957,27748,4306
5589,27757,4307
4567,27796,4308
1860,27856,4309
5672,27856,4310
3235,27866,4311
3174,27901,4312
2789,27964,4313
4120,28000,4314
3117,28018,4315
409,28018,4316
318,28062,4317
4556,28062,4318
4060,28065,4319
5668,28118,4320
4448,28142,4321
4594,28170,4322
3659,28176,4323
1108,28176,4324
6123,28261,4325
4596,28282,4326
1047,28282,4327
3065,28284,4328
4333,28316,4329
1041,28316,4330
3032,28366,4331
5837,28392,4332
2419,28398,4333
4862,28399,4334
2749,28402,4335
5396,28403,4336
1982,28431,4337
2212,28431,4338
4359,28461,4339
3575,28497,4340
2192,28519,4341
2305,28563,4342
1071,28567,4343
3660,28567,4344
5976,28599,4345
1846,28642,4346
5049,28642,4347
5906,28754,4348
4909,28762,4349
3908,28831,4350
6310,28841,4351
5378,28850,4352
300,29033,4353
2686,29033,4354
3173,29214,4355
3848,29245,4356
4527,29317,4357
4061,29520,4358
4880,29594,4359
2475,29607,4360
631,29607,4361
1189,29607,4362
4360,29641,4363
4640,29642,4364
6043,29684,4365
4838,29734,4366
5865,29742,4367
4606,29878,4368
1742,29878,4369
2709,29879,4370
3213,29894,4371
5264,29946,4372
5772,29985,4373
3405,29988,4374
6311,29997,4375
2379,30024,4376
5068,30090,4377
3363,30108,4378
510,30108,4379
4524,30122,4380
1985,30137,4381
2485,30137,4382
3236,30149,4383
3661,30203,4384
493,30222,4385
2638,30222,4386
3918,30229,4387
2620,30230,4388
943,30230,4389
454,30230,4390
2621,30231,4391
701,30231,4392
3231,30233,4393
4402,30236,4394
3297,30237,4395
2417,30239,4396
5230,30247,4397
4646,30250,4398
25,30250,4399
6406,30258,4400
6102,30260,4401
5891,30263,4402
4324,30264,4403
288,30264,4404
1764,30266,4405
3352,30266,4406
185,30268,4407
1091,30268,4408
2472,30268,4409
5305,30269,4410
1507,30269,4411
6316,30270,4412
3463,30275,4413
4530,30279,4414
5724,30280,4415
3154,30281,4416
2825,30284,4417
2064,30288,4418
1532,30295,4419
5141,30295,4420
5863,30299,4421
5337,30300,4422
2082,30305,4423
2705,30316,4424
1916,30316,4425
3706,30320,4426
1387,30320,4427
1311,30320,4428
946,30325,4429
3046,30325,4430
3109,30328,4431
1453,30329,4432
2693,30329,4433
855,30329,4434
4758,30339,4435
3043,30341,4436
4139,30343,4437
4308,30348,4438
1879,30348,4439
821,30349,4440
4142,30349,4441
2003,30349,4442
1479,30350,4443
3007,30350,4444
4770,30352,4445
6236,30353,4446
6189,30354,4447
5956,30355,4448
1886,30358,4449
6145,30358,4450
4184,30359,4451
1651,30364,4452
2551,30364,4453
1275,30364,4454
5042,30367,4455
4044,30368,4456
5831,30370,4457
4144,30373,4458
5131,30375,4459
5600,30376,4460
379,30378,4461
3550,30378,4462
5422,30383,4463
1049,30384,4464
985,30384,4465
4341,30384,4466
2513,30385,4467
2591,30386,4468
5090,30389,4469
4235,30390,4470
5048,30393,4471
124,30393,4472
4441,30399,4473
1960,30399,4474
869,30399,4475
5127,30404,4476
3443,30406,4477
3647,30407,4478
3254,30409,4479
5286,30417,4480
5078,30422,4481
2258,30424,4482
261,30424,4483
4332,30427,4484
2021,30427,4485
4667,30430,4486
5195,30435,4487
3320,30438,4488
875,30458,4489
4285,30458,4490
5431,30460,4491
1676,30460,4492
5405,30461,4493
5072,30462,4494
6127,30463,4495
672,30465,4496
4110,30465,4497
2903,30467,4498
6225,30468,4499
1999,30468,4500
764,30468,4501
6044,30469,4502
2629,30475,4503
4267,30476,4504
688,30476,4505
768,30476,4506
5216,30482,4507
4777,30491,4508
2402,30492,4509
2462,30498,4510
3332,30500,4511
2238,30502,4512
5638,30503,4513
1769,30503,4514
5769,30505,4515
4180,30507,4516
5310,30508,4517
1381,30508,4518
5932,30510,4519
4523,30511,4520
4942,30515,4521
5142,30516,4522
1567,30516,4523
4538,30520,4524
3122,30523,4525
1332,30523,4526
4317,30524,4527
1187,30524,4528
2465,30525,4529
3704,30530,4530
2667,30532,4531
2049,30534,4532
4836,30535,4533
1361,30535,4534
2248,30536,4535
4590,30537,4536
4055,30538,4537
5044,30539,4538
4232,30540,4539
5658,30542,4540
2231,30549,4541
6168,30550,4542
5461,30551,4543
2066,30552,4544
5618,30553,4545
2002,30554,4546
400,30554,4547
3751,30554,4548
3006,30556,4549
1495,30561,4550
2707,30561,4551
5458,30568,4552
2887,30571,4553
2671,30572,4554
2787,30573,4555
5388,30576,4556
2290,30577,4557
1923,30578,4558
3535,30578,4559
748,30580,4560
3810,30580,4561
4014,30583,4562
299,30584,4563
3862,30584,4564
6395,30585,4565
1334,30585,4566
4761,30589,4567
5095,30590,4568
6084,30596,4569
4726,30597,4570
3818,30603,4571
1528,30603,4572
6232,30613,4573
1011,30613,4574
1844,30613,4575
6002,30618,4576
6101,30621,4577
6164,30623,4578
1419,30623,4579
2942,30625,4580
2156,30626,4581
4440,30630,4582
3697,30639,4583
5005,30641,4584
3232,30642,4585
692,30643,4586
5959,30643,4587
4842,30644,4588
4283,30645,4589
3271,30646,4590
4932,30648,4591
5546,30649,4592
5259,30654,4593
4849,30657,4594
4009,30666,4595
4889,30667,4596
5519,30670,4597
5802,30673,4598
2459,30678,4599
5569,30679,4600
6262,30680,4601
2722,30682,4602
4227,30684,4603
2283,30685,4604
38,30685,4605
108,30685,4606
2670,30687,4607
1128,30687,4608
3379,30688,4609
5748,30693,4610
562,30697,4611
2788,30697,4612
2928,30698,4613
4334,30703,4614
2752,30706,4615
1238,30706,4616
4652,30708,4617
3270,30712,4618
3516,30716,4619
3218,30717,4620
6014,30718,4621
3875,30721,4622
3251,30726,4623
5467,30730,4624
573,30732,4625
2087,30732,4626
1920,30732,4627
4252,30735,4628
1581,30736,4629
5114,30736,4630
4539,30738,4631
5679,30742,4632
993,30742,4633
268,30743,4634
2152,30743,4635
3008,30745,4636
3733,30752,4637
330,30754,4638
2941,30754,4639
781,30754,4640
183,30756,4641
554,30756,4642
4810,30756,4643
2189,30757,4644
4903,30761,4645
4904,30764,4646
3529,30766,4647
5182,30769,4648
5843,30771,4649
4382,30773,4650
779,30776,4651
4896,30776,4652
2187,30778,4653
1225,30778,4654
3907,30781,4655
1421,30781,4656
4392,30786,4657
4388,30789,4658
3022,30798,4659
2138,30799,4660
1996,30799,4661
3153,30800,4662
2386,30806,4663
6178,30810,4664
3056,30813,4665
360,30815,4666
1537,30815,4667
2198,30815,4668
4902,30816,4669
3018,30818,4670
2554,30824,4671
2786,30825,4672
1887,30825,4673
579,30830,4674
3378,30830,4675
6309,30833,4676
1717,30833,4677
5944,30834,4678
1182,30837,4679
3417,30837,4680
47,30838,4681
1023,30838,4682
3062,30838,4683
5186,30843,4684
2840,30844,4685
2361,30847,4686
4296,30849,4687
2816,30850,4688
1601,30855,4689
4735,30855,4690
2969,30857,4691
5803,30858,4692
199,30858,4693
75,30858,4694
3060,30860,4695
5011,30861,4696
6170,30862,4697
3390,30864,4698
4021,30866,4699
5263,30867,4700
2476,30871,4701
2075,30873,4702
5287,30874,4703
2073,30876,4704
5503,30877,4705
1213,30878,4706
3321,30878,4707
4034,30880,4708
1932,30880,4709
945,30881,4710
2759,30881,4711
2610,30885,4712
1124,30887,4713
3591,30887,4714
2460,30888,4715
4782,30889,4716
4344,30890,4717
4702,30892,4718
2213,30897,4719
3180,30899,4720
97,30899,4721
146,30899,4722
2356,30901,4723
5047,30904,4724
6051,30907,4725
2222,30908,4726
771,30908,4727
3588,30909,4728
5991,30914,4729
3885,30917,4730
4505,30921,4731
3296,30922,4732
4433,30924,4733
5066,30928,4734
2905,30933,4735
2091,30936,4736
3932,30937,4737
3294,30941,4738
3926,30942,4739
4453,30944,4740
4737,30946,4741
6229,30952,4742
4939,30956,4743
4192,30960,4744
3525,30961,4745
2848,30962,4746
5728,30963,4747
1688,30963,4748
5253,30965,4749
157,30966,4750
6393,30966,4751
4566,30967,4752
1582,30967,4753
5476,30968,4754
928,30969,4755
3249,30969,4756
4471,30972,4757
2039,30974,4758
6071,30976,4759
2630,30977,4760
5818,30980,4761
5822,30982,4762
2531,30983,4763
6027,30985,4764
4622,30990,4765
6251,30991,4766
1906,30991,4767
3707,30992,4768
5880,30993,4769
5283,30997,4770
3709,30998,4771
337,30998,4772
4994,31000,4773
4206,31001,4774
425,31001,4775
2723,31012,4776
195,31012,4777
3691,31014,4778
3847,31017,4779
2291,31019,4780
670,31019,4781
2446,31023,4782
2811,31024,4783
2325,31031,4784
3490,31035,4785
3010,31036,4786
5964,31037,4787
1622,31038,4788
3171,31038,4789
5012,31039,4790
1087,31040,4791
4250,31040,4792
4137,31043,4793
6046,31044,4794
3432,31045,4795
3222,31046,4796
3383,31048,4797
4211,31049,4798
3808,31051,4799
941,31051,4800
2322,31055,4801
4500,31056,4802
3992,31057,4803
4686,31063,4804
4548,31064,4805
5040,31067,4806
5787,31069,4807
1434,31069,4808
3513,31071,4809
1683,31075,4810
2364,31075,4811
2177,31078,4812
3802,31081,4813
5747,31085,4814
5004,31088,4815
3995,31090,4816
6029,31093,4817
2518,31094,4818
3051,31096,4819
2108,31097,4820
449,31097,4821
2159,31103,4822
6216,31106,4823
6099,31107,4824
2113,31112,4825
3315,31114,4826
5620,31123,4827
2575,31124,4828
1130,31124,4829
367,31124,4830
4157,31125,4831
1058,31125,4832
3778,31130,4833
2703,31131,4834
5645,31134,4835
4319,31135,4836
2282,31136,4837
4763,31140,4838
4472,31142,4839
113,31142,4840
5352,31144,4841
6042,31145,4842
1458,31146,4843
2481,31146,4844
820,31146,4845
5713,31151,4846
4901,31152,4847
1234,31158,4848
2287,31158,4849
865,31158,4850
2958,31159,4851
3526,31164,4852
4210,31165,4853
1503,31166,4854
2050,31166,4855
6264,31170,4856
3572,31172,4857
4614,31173,4858
2823,31179,4859
5033,31183,4860
4908,31184,4861
2843,31186,4862
6287,31187,4863
460,31188,4864
3621,31188,4865
2341,31191,4866
2350,31192,4867
5028,31193,4868
6256,31194,4869
6342,31197,4870
2702,31198,4871
3380,31204,4872
2264,31205,4873
3533,31207,4874
1584,31207,4875
597,31209,4876
3769,31209,4877
3565,31211,4878
2687,31216,4879
6188,31220,4880
2718,31221,4881
678,31221,4882
5902,31223,4883
5656,31224,4884
5189,31226,4885
2378,31228,4886
4756,31230,4887
301,31231,4888
2960,31231,4889
2902,31232,4890
3514,31233,4891
4866,31235,4892
4506,31243,4893
2528,31244,4894
2947,31245,4895
538,31245,4896
6082,31252,4897
3292,31253,4898
778,31253,4899
372,31255,4900
5781,31255,4901
4094,31258,4902
3447,31263,4903
3465,31264,4904
5268,31267,4905
4861,31268,4906
4860,31274,4907
5611,31275,4908
2842,31277,4909
5547,31278,4910
4273,31279,4911
4952,31282,4912
2323,31288,4913
2784,31292,4914
385,31295,4915
3658,31295,4916
798,31295,4917
4753,31297,4918
3233,31299,4919
1758,31299,4920
1482,31299,4921
2965,31302,4922
5184,31303,4923
4825,31306,4924
4812,31307,4925
2582,31318,4926
4771,31323,4927
2166,31324,4928
1979,31325,4929
2439,31325,4930
4503,31327,4931
646,31327,4932
4935,31329,4933
3541,31330,4934
1709,31330,4935
5249,31331,4936
695,31331,4937
4957,31334,4938
4645,31335,4939
101,31335,4940
6117,31337,4941
4746,31342,4942
6181,31343,4943
1090,31343,4944
2608,31345,4945
2949,31351,4946
4788,31352,4947
3263,31359,4948
1565,31359,4949
758,31361,4950
3005,31361,4951
4336,31362,4952
2685,31366,4953
447,31366,4954
3376,31371,4955
615,31371,4956
3505,31374,4957
707,31374,4958
5221,31375,4959
2208,31377,4960
4198,31380,4961
1808,31380,4962
4822,31382,4963
2343,31383,4964
4035,31387,4965
2326,31388,4966
5309,31390,4967
3073,31393,4968
151,31393,4969
1665,31393,4970
549,31395,4971
2377,31395,4972
5231,31397,4973
1951,31397,4974
4195,31401,4975
933,31402,4976
3921,31402,4977
1575,31402,4978
2680,31403,4979
1908,31403,4980
2206,31406,4981
2656,31408,4982
2425,31410,4983
2820,31412,4984
805,31415,4985
2486,31415,4986
2763,31416,4987
244,31416,4988
3110,31420,4989
1065,31421,4990
5722,31421,4991
3752,31422,4992
4256,31424,4993
6231,31425,4994
141,31431,4995
2111,31431,4996
2154,31432,4997
4848,31434,4998
5854,31436,4999
899,31436,5000
1044,31437,5001
6135,31437,5002
159,31437,5003
1283,31438,5004
3933,31438,5005
845,31439,5006
4699,31439,5007
2614,31440,5008
1974,31442,5009
5678,31442,5010
3482,31446,5011
1994,31449,5012
4275,31449,5013
3616,31453,5014
4620,31458,5015
2880,31459,5016
468,31460,5017
2104,31460,5018
4722,31461,5019
1566,31461,5020
1757,31461,5021
3635,31462,5022
2730,31463,5023
2235,31466,5024
6254,31471,5025
2140,31472,5026
2956,31477,5027
905,31477,5028
3063,31478,5029
908,31478,5030
6185,31480,5031
4025,31481,5032
2724,31482,5033
4504,31483,5034
5339,31484,5035
435,31484,5036
836,31486,5037
2293,31486,5038
1945,31489,5039
6112,31489,5040
1987,31490,5041
2945,31490,5042
4931,31491,5043
2984,31493,5044
5213,31494,5045
12,31494,5046
6333,31498,5047
4677,31499,5048
4912,31500,5049
2135,31503,5050
5558,31504,5051
3573,31505,5052
4795,31507,5053
4340,31508,5054
237,31509,5055
280,31509,5056
2280,31509,5057
3511,31510,5058
3694,31517,5059
5603,31519,5060
4189,31521,5061
6126,31526,5062
1430,31533,5063
619,31533,5064
3743,31533,5065
3645,31536,5066
4289,31538,5067
1491,31538,5068
2940,31542,5069
69,31542,5070
30,31542,5071
6289,31549,5072
662,31550,5073
6261,31550,5074
6167,31557,5075
4801,31558,5076
5372,31559,5077
625,31561,5078
5706,31561,5079
824,31561,5080
6147,31563,5081
5834,31566,5082
3915,31568,5083
6124,31570,5084
2631,31578,5085
2859,31584,5086
6097,31585,5087
392,31586,5088
2870,31586,5089
4794,31587,5090
1800,31587,5091
5770,31590,5092
1114,31592,5093
3758,31592,5094
5881,31594,5095
3576,31595,5096
4768,31596,5097
5149,31599,5098
1441,31599,5099
5900,31600,5100
2005,31601,5101
2096,31601,5102
5562,31603,5103
10,31603,5104
664,31603,5105
3422,31604,5106
452,31604,5107
1412,31607,5108
3389,31607,5109
530,31607,5110
4165,31608,5111
6148,31611,5112
2659,31613,5113
5786,31616,5114
6004,31617,5115
988,31617,5116
1616,31620,5117
3522,31620,5118
1593,31621,5119
5587,31621,5120
3779,31623,5121
4015,31624,5122
3745,31626,5123
4279,31628,5124
5183,31632,5125
5170,31633,5126
5856,31637,5127
3974,31638,5128
3438,31643,5129
3197,31644,5130
5961,31646,5131
3276,31648,5132
2862,31649,5133
5947,31654,5134
5847,31655,5135
5755,31658,5136
2345,31662,5137
387,31663,5138
5669,31663,5139
3394,31665,5140
6052,31669,5141
5799,31672,5142
3198,31687,5143
5423,31693,5144
1786,31694,5145
4436,31694,5146
1925,31694,5147
6073,31695,5148
5176,31700,5149
900,31701,5150
5329,31701,5151
395,31703,5152
2563,31703,5153
1366,31704,5154
223,31704,5155
3217,31704,5156
6138,31705,5157
6323,31708,5158
3606,31709,5159
5907,31712,5160
3972,31715,5161
5993,31716,5162
4680,31722,5163
6094,31723,5164
4625,31724,5165
4278,31726,5166
169,31726,5167
714,31726,5168
2028,31729,5169
86,31730,5170
2227,31730,5171
2188,31732,5172
3839,31736,5173
996,31736,5174
3392,31738,5175
5058,31741,5176
6383,31744,5177
2362,31747,5178
4271,31748,5179
1896,31748,5180
2746,31749,5181
3783,31750,5182
2755,31751,5183
1515,31755,5184
4457,31755,5185
4639,31758,5186
1966,31760,5187
5260,31760,5188
5214,31765,5189
4633,31769,5190
922,31773,5191
2335,31773,5192
4401,31774,5193
4961,31775,5194
937,31775,5195
636,31776,5196
2604,31776,5197
2458,31777,5198
357,31777,5199
1164,31783,5200
5385,31783,5201
1192,31786,5202
2943,31786,5203
5689,31787,5204
2652,31791,5205
2806,31794,5206
3339,31795,5207
4321,31797,5208
437,31797,5209
1666,31798,5210
2228,31798,5211
5070,31803,5212
1910,31804,5213
4515,31804,5214
6154,31805,5215
1038,31806,5216
2915,31806,5217
3663,31808,5218
2704,31811,5219
3543,31812,5220
79,31812,5221
5790,31814,5222
5730,31820,5223
2910,31827,5224
44,31827,5225
1819,31828,5226
2574,31828,5227
366,31828,5228
2471,31831,5229
1792,31831,5230
1240,31834,5231
4600,31834,5232
4080,31837,5233
2162,31839,5234
2769,31841,5235
3799,31847,5236
336,31847,5237
4776,31848,5238
3997,31858,5239
458,31867,5240
474,31867,5241
3844,31867,5242
4345,31868,5243
2271,31869,5244
2,31869,5245
807,31869,5246
1389,31876,5247
5382,31876,5248
2616,31879,5249
4121,31883,5250
5984,31887,5251
5155,31891,5252
1121,31891,5253
2628,31897,5254
1721,31897,5255
1380,31897,5256
4800,31898,5257
5969,31899,5258
1835,31899,5259
5796,31900,5260
5466,31904,5261
6374,31905,5262
4759,31907,5263
5377,31908,5264
2736,31913,5265
769,31913,5266
431,31913,5267
5721,31914,5268
3397,31916,5269
3357,31917,5270
1222,31917,5271
2141,31920,5272
935,31920,5273
2397,31923,5274
4248,31927,5275
1295,31927,5276
2536,31932,5277
5244,31936,5278
5477,31938,5279
2586,31941,5280
3199,31942,5281
1496,31942,5282
3696,31945,5283
4134,31946,5284
380,31951,5285
2176,31951,5286
5903,31952,5287
3698,31956,5288
3574,31961,5289
2196,31962,5290
3464,31963,5291
4407,31966,5292
1940,31966,5293
3922,31968,5294
5894,31972,5295
4676,31975,5296
2668,31976,5297
6330,31979,5298
4635,31981,5299
5175,31992,5300
3510,31993,5301
912,31998,5302
2289,31998,5303
857,31999,5304
3498,31999,5305
3426,32003,5306
4607,32004,5307
1014,32004,5308
3910,32007,5309
3341,32008,5310
3137,32009,5311
4894,32016,5312
5445,32017,5313
4251,32018,5314
3537,32023,5315
128,32023,5316
4087,32024,5317
2624,32025,5318
1172,32028,5319
911,32028,5320
4546,32028,5321
2134,32031,5322
5076,32036,5323
1986,32036,5324
3475,32037,5325
1549,32037,5326
6198,32041,5327
3421,32045,5328
4778,32048,5329
5340,32068,5330
2312,32069,5331
1775,32069,5332
2990,32071,5333
2952,32072,5334
3593,32073,5335
734,32073,5336
5607,32077,5337
5757,32078,5338
4086,32080,5339
1538,32083,5340
2756,32083,5341
4851,32086,5342
476,32090,5343
2606,32090,5344
4164,32091,5345
6308,32094,5346
6086,32095,5347
4760,32096,5348
4775,32100,5349
4837,32103,5350
4803,32106,5351
2215,32107,5352
312,32107,5353
4958,32110,5354
406,32111,5355
4012,32111,5356
635,32111,5357
2085,32119,5358
1202,32119,5359
361,32119,5360
673,32120,5361
4492,32120,5362
5202,32123,5363
1413,32123,5364
3293,32125,5365
3692,32130,5366
3727,32131,5367
2061,32137,5368
4357,32139,5369
3786,32140,5370
4544,32141,5371
5269,32145,5372
4588,32148,5373
3113,32151,5374
1642,32152,5375
2233,32152,5376
71,32152,5377
171,32153,5378
833,32153,5379
5228,32153,5380
5974,32154,5381
3504,32155,5382
1001,32155,5383
3135,32156,5384
1377,32157,5385
3314,32157,5386
5394,32158,5387
1917,32158,5388
5556,32164,5389
5771,32165,5390
2441,32167,5391
2587,32168,5392
5789,32169,5393
2400,32170,5394
3024,32171,5395
3156,32173,5396
4878,32174,5397
5166,32177,5398
2432,32178,5399
6015,32183,5400
1139,32183,5401
4578,32186,5402
2977,32190,5403
6271,32191,5404
6346,32193,5405
6223,32198,5406
4351,32202,5407
3723,32203,5408
4230,32205,5409
4936,32211,5410
5449,32214,5411
5610,32217,5412
5566,32218,5413
4105,32219,5414
2819,32222,5415
4656,32223,5416
3220,32227,5417
1610,32228,5418
2924,32228,5419
135,32230,5420
3439,32230,5421
4741,32232,5422
1324,32232,5423
6220,32233,5424
6329,32237,5425
2342,32239,5426
3091,32240,5427
5222,32245,5428
3629,32246,5429
4010,32248,5430
3354,32252,5431
4984,32253,5432
4715,32254,5433
5399,32256,5434
5474,32258,5435
3486,32259,5436
3138,32260,5437
637,32265,5438
3004,32265,5439
2204,32270,5440
3111,32272,5441
3920,32273,5442
3594,32274,5443
4089,32277,5444
99,32277,5445
601,32277,5446
5001,32282,5447
2986,32283,5448
2062,32284,5449
2934,32287,5450
3196,32288,5451
1040,32288,5452
1459,32288,5453
3260,32289,5454
1950,32289,5455
1052,32289,5456
2517,32291,5457
5496,32292,5458
388,32296,5459
5007,32296,5460
6100,32297,5461
2418,32305,5462
196,32305,5463
5928,32306,5464
2700,32309,5465
2013,32310,5466
3719,32310,5467
2357,32311,5468
3956,32314,5469
1396,32317,5470
4791,32317,5471
2698,32318,5472
4352,32320,5473
2163,32321,5474
3076,32328,5475
4277,32329,5476
6024,32333,5477
5395,32338,5478
6032,32339,5479
5448,32344,5480
2288,32345,5481
948,32348,5482
5440,32348,5483
275,32349,5484
1029,32349,5485
2470,32349,5486
4632,32352,5487
2366,32354,5488
3244,32356,5489
2483,32358,5490
1002,32358,5491
40,32358,5492
3567,32359,5493
3054,32367,5494
3160,32368,5495
2278,32369,5496
5861,32373,5497
4541,32379,5498
6226,32384,5499
6121,32389,5500
2834,32390,5501
957,32390,5502
6130,32395,5503
4355,32396,5504
4064,32398,5505
1285,32398,5506
3298,32399,5507
2031,32401,5508
2247,32406,5509
5537,32409,5510
1393,32416,5511
3671,32416,5512
6253,32418,5513
3999,32419,5514
1193,32420,5515
5341,32420,5516
851,32422,5517
2828,32422,5518
5330,32428,5519
5234,32429,5520
4381,32431,5521
4196,32432,5522
2529,32433,5523
59,32433,5524
850,32434,5525
2944,32434,5526
3634,32435,5527
3308,32436,5528
5904,32438,5529
4542,32440,5530
4031,32442,5531
2083,32443,5532
780,32443,5533
1099,32443,5534
1483,32445,5535
2904,32445,5536
6299,32448,5537
5520,32450,5538
1231,32451,5539
3880,32451,5540
592,32451,5541
2997,32452,5542
1794,32452,5543
5084,32455,5544
4397,32456,5545
3960,32460,5546
3889,32461,5547
3519,32462,5548
6389,32464,5549
2921,32465,5550
3507,32466,5551
422,32467,5552
3627,32467,5553
5826,32468,5554
1907,32468,5555
48,32474,5556
4734,32474,5557
2872,32477,5558
674,32477,5559
3562,32480,5560
2029,32481,5561
5835,32489,5562
2210,32491,5563
2193,32493,5564
2762,32500,5565
2801,32501,5566
2609,32505,5567
2803,32506,5568
4422,32508,5569
4650,32512,5570
1560,32512,5571
2841,32515,5572
4049,32517,5573
5124,32519,5574
4179,32522,5575
5198,32523,5576
1498,32523,5577
3618,32524,5578
485,32526,5579
2866,32526,5580
1968,32529,5581
3878,32529,5582
1163,32529,5583
2646,32531,5584
142,32539,5585
2365,32539,5586
5143,32544,5587
5804,32545,5588
4188,32547,5589
6367,32549,5590
2535,32552,5591
6199,32554,5592
2640,32555,5593
1635,32555,5594
2385,32558,5595
1809,32559,5596
2560,32559,5597
3403,32561,5598
2444,32563,5599
1312,32564,5600
2482,32564,5601
408,32564,5602
2063,32566,5603
3892,32568,5604
3406,32572,5605
5625,32574,5606
1318,32574,5607
3767,32577,5608
1681,32577,5609
5321,32578,5610
1919,32578,5611
5661,32579,5612
4893,32582,5613
732,32583,5614
3248,32583,5615
5614,32593,5616
4629,32594,5617
5429,32604,5618
98,32605,5619
3850,32605,5620
1119,32606,5621
3812,32606,5622
940,32607,5623
2559,32607,5624
3539,32608,5625
4024,32609,5626
3763,32610,5627
1633,32610,5628
4368,32611,5629
4200,32616,5630
4745,32617,5631
1547,32617,5632
5517,32619,5633
2634,32620,5634
180,32620,5635
4576,32621,5636
5032,32624,5637
1698,32624,5638
1546,32626,5639
3291,32626,5640
4678,32634,5641
5487,32639,5642
4483,32643,5643
1762,32645,5644
5323,32645,5645
4348,32646,5646
2871,32648,5647
519,32648,5648
5798,32651,5649
3820,32652,5650
2190,32655,5651
1309,32657,5652
4011,32657,5653
1969,32657,5654
2229,32658,5655
1477,32658,5656
2411,32661,5657
724,32661,5658
5695,32662,5659
6245,32664,5660
1858,32666,5661
3361,32666,5662
4434,32668,5663
3686,32669,5664
3015,32672,5665
257,32675,5666
2100,32675,5667
3744,32676,5668
4394,32678,5669
4469,32682,5670
1017,32682,5671
823,32683,5672
5312,32683,5673
1167,32684,5674
3167,32684,5675
3025,32686,5676
2894,32689,5677
4949,32698,5678
2043,32701,5679
2327,32702,5680
2484,32703,5681
5864,32704,5682
2864,32705,5683
5215,32710,5684
339,32711,5685
2180,32711,5686
5648,32712,5687
3781,32715,5688
5236,32720,5689
5644,32721,5690
5860,32724,5691
1867,32724,5692
4178,32726,5693
1783,32728,5694
4859,32728,5695
1046,32728,5696
2004,32729,5697
3159,32729,5698
5998,32730,5699
3600,32733,5700
5594,32737,5701
3059,32740,5702
31,32743,5703
5350,32743,5704
3031,32744,5705
1854,32744,5706
1259,32744,5707
2917,32745,5708
6122,32746,5709
4701,32750,5710
2466,32752,5711
1462,32752,5712
800,32752,5713
3049,32753,5714
401,32753,5715
5568,32754,5716
4338,32755,5717
2273,32759,5718
2909,32767,5719
2007,32767,5720
1465,32768,5721
3367,32768,5722
2916,32769,5723
1759,32769,5724
282,32770,5725
295,32770,5726
4721,32770,5727
283,32771,5728
577,32771,5729
3487,32771,5730
3316,32774,5731
4261,32777,5732
5181,32779,5733
3655,32788,5734
620,32788,5735
1169,32788,5736
4253,32794,5737
2930,32795,5738
4843,32798,5739
3484,32799,5740
3620,32800,5741
3027,32801,5742
2822,32804,5743
5797,32806,5744
4432,32811,5745
5345,32812,5746
216,32812,5747
4683,32813,5748
2241,32814,5749
2906,32818,5750
3564,32819,5751
2994,32826,5752
540,32826,5753
5597,32827,5754
3317,32830,5755
5696,32831,5756
5053,32834,5757
785,32834,5758
3075,32846,5759
4008,32847,5760
6357,32849,5761
1746,32849,5762
4895,32854,5763
2266,32859,5764
2858,32860,5765
1873,32862,5766
6370,32862,5767
3195,32872,5768
5410,32873,5769
2643,32877,5770
924,32877,5771
3503,32878,5772
1868,32878,5773
2618,32880,5774
5351,32882,5775
854,32883,5776
3714,32883,5777
6403,32884,5778
4947,32885,5779
4390,32887,5780
5050,32889,5781
5531,32890,5782
6260,32895,5783
886,32895,5784
4167,32905,5785
4489,32908,5786
4006,32912,5787
5075,32913,5788
4447,32917,5789
376,32917,5790
3518,32922,5791
6149,32923,5792
2131,32924,5793
3693,32925,5794
685,32925,5795
1874,32925,5796
4537,32928,5797
5615,32930,5798
1437,32930,5799
3223,32931,5800
5889,32933,5801
5456,32935,5802
6377,32936,5803
4846,32937,5804
5723,32940,5805
5585,32941,5806
1450,32941,5807
2469,32943,5808
1326,32943,5809
5700,32944,5810
4004,32945,5811
4742,32946,5812
1000,32946,5813
3784,32949,5814
2079,32950,5815
6045,32953,5816
4488,32957,5817
5320,32959,5818
3870,32962,5819
6204,32966,5820
2012,32966,5821
4534,32969,5822
5469,32971,5823
3991,32974,5824
5783,32975,5825
6391,32979,5826
209,32979,5827
6041,32982,5828
3234,32983,5829
4547,32984,5830
2270,32989,5831
1771,32989,5832
5211,32991,5833
1171,32991,5834
3351,32993,5835
1244,32993,5836
4579,32994,5837
3755,32995,5838
5500,32996,5839
661,32998,5840
2839,32998,5841
3002,33006,5842
598,33006,5843
3664,33009,5844
1074,33009,5845
3879,33010,5846
5836,33013,5847
6066,33014,5848
3253,33016,5849
5163,33018,5850
1668,33018,5851
5444,33019,5852
1918,33019,5853
6192,33020,5854
5248,33021,5855
2510,33024,5856
1855,33026,5857
4375,33026,5858
2199,33030,5859
3711,33031,5860
3177,33033,5861
129,33035,5862
802,33035,5863
2275,33035,5864
3272,33036,5865
2802,33038,5866
3756,33047,5867
369,33050,5868
3834,33050,5869
1595,33050,5870
4583,33056,5871
1235,33058,5872
4233,33058,5873
5327,33059,5874
6144,33060,5875
3925,33064,5876
5094,33065,5877
1628,33066,5878
2121,33066,5879
516,33069,5880
3896,33069,5881
5844,33071,5882
5851,33075,5883
4533,33078,5884
645,33081,5885
2092,33081,5886
3916,33082,5887
3303,33087,5888
6371,33090,5889
2981,33091,5890
5948,33093,5891
4452,33094,5892
3481,33095,5893
5646,33101,5894
4673,33105,5895
2374,33112,5896
1057,33112,5897
4231,33113,5898
4104,33115,5899
1943,33118,5900
2561,33118,5901
2804,33129,5902
2320,33130,5903
5241,33131,5904
5499,33133,5905
446,33135,5906
2525,33135,5907
5816,33138,5908
6003,33140,5909
4612,33141,5910
3158,33142,5911
4581,33143,5912
5731,33144,5913
4724,33145,5914
3753,33147,5915
5690,33148,5916
2744,33151,5917
3208,33152,5918
3928,33153,5919
3224,33157,5920
4130,33162,5921
5746,33166,5922
6019,33169,5923
5922,33171,5924
4070,33173,5925
51,33173,5926
6114,33174,5927
80,33174,5928
6118,33175,5929
4997,33178,5930
2764,33179,5931
4631,33180,5932
2661,33186,5933
5138,33191,5934
1660,33193,5935
4970,33193,5936
2230,33194,5937
3362,33195,5938
205,33195,5939
4991,33197,5940
1094,33198,5941
3163,33198,5942
5277,33200,5943
5331,33201,5944
4654,33205,5945
2505,33206,5946
3338,33207,5947
4037,33210,5948
5067,33211,5949
1199,33215,5950
3978,33215,5951
3115,33217,5952
1010,33224,5953
1530,33224,5954
4847,33224,5955
3961,33227,5956
3924,33229,5957
3340,33232,5958
3923,33238,5959
3581,33239,5960
991,33239,5961
4119,33241,5962
683,33241,5963
1667,33246,5964
5879,33246,5965
1151,33248,5966
1942,33248,5967
3833,33248,5968
4376,33250,5969
1287,33253,5970
5574,33253,5971
5491,33256,5972
5196,33259,5973
3725,33263,5974
1433,33263,5975
4938,33269,5976
4176,33270,5977
1803,33270,5978
1009,33270,5979
3948,33271,5980
4963,33274,5981
3864,33276,5982
5504,33280,5983
5473,33282,5984
3052,33283,5985
2133,33289,5986
5294,33290,5987
891,33290,5988
4435,33296,5989
2153,33298,5990
580,33298,5991
5828,33300,5992
1166,33300,5993
4214,33304,5994
3034,33306,5995
3337,33307,5996
907,33307,5997
5896,33310,5998
2112,33311,5999
5193,33312,6000
6291,33314,6001
3434,33319,6002
3030,33320,6003
1403,33321,6004
4764,33321,6005
1100,33322,6006
2599,33322,6007
3657,33326,6008
5954,33327,6009
1261,33330,6010
4485,33330,6011
302,33330,6012
2396,33339,6013
363,33341,6014
2520,33341,6015
4999,33342,6016
1578,33342,6017
2521,33346,6018
1095,33346,6019
6347,33349,6020
2347,33350,6021
3090,33353,6022
2568,33357,6023
1297,33357,6024
3882,33360,6025
3936,33363,6026
1379,33366,6027
5687,33366,6028
4638,33367,6029
5363,33368,6030
5285,33376,6031
1447,33378,6032
4875,33378,6033
1605,33379,6034
967,33379,6035
5763,33379,6036
2550,33383,6037
2772,33385,6038
5171,33386,6039
4316,33388,6040
1226,33388,6041
1767,33389,6042
4519,33389,6043
5840,33390,6044
4090,33392,6045
5819,33395,6046
1869,33397,6047
2939,33397,6048
3381,33400,6049
5989,33401,6050
1631,33403,6051
6298,33403,6052
1587,33405,6053
4988,33405,6054
3571,33408,6055
4664,33411,6056
1083,33412,6057
3168,33412,6058
2353,33413,6059
3311,33414,6060
1611,33414,6061
5792,33421,6062
6196,33422,6063
4409,33423,6064
1303,33423,6065
3955,33425,6066
5617,33427,6067
1687,33427,6068
2474,33428,6069
556,33428,6070
1470,33428,6071
5415,33430,6072
2178,33433,6073
3953,33434,6074
5261,33436,6075
1949,33436,6076
5270,33441,6077
4585,33444,6078
4186,33446,6079
2202,33451,6080
4647,33458,6081
1574,33458,6082
2211,33459,6083
5859,33460,6084
916,33465,6085
2869,33465,6086
1990,33466,6087
5677,33466,6088
774,33467,6089
3675,33467,6090
3982,33468,6091
944,33468,6092
4129,33470,6093
1363,33470,6094
5071,33473,6095
2301,33477,6096
5233,33479,6097
532,33479,6098
520,33479,6099
1704,33480,6100
2672,33480,6101
2626,33481,6102
2509,33482,6103
521,33482,6104
36,33482,6105
5813,33483,6106
2888,33484,6107
1150,33484,6108
1159,33484,6109
3267,33485,6110
2124,33486,6111
4170,33488,6112
3952,33496,6113
6340,33500,6114
2436,33506,6115
4056,33507,6116
4190,33508,6117
4570,33512,6118
2274,33524,6119
2975,33525,6120
5123,33527,6121
5983,33528,6122
2589,33531,6123
5745,33532,6124
2664,33534,6125
4796,33535,6126
4391,33536,6127
2445,33537,6128
1246,33539,6129
5014,33539,6130
5640,33542,6131
3970,33544,6132
4727,33545,6133
3401,33549,6134
4906,33553,6135
6026,33554,6136
4840,33562,6137
4193,33571,6138
6060,33573,6139
2173,33578,6140
3512,33579,6141
2844,33581,6142
3585,33584,6143
1541,33584,6144
4310,33585,6145
4088,33589,6146
4593,33593,6147
3019,33596,6148
4474,33598,6149
5667,33599,6150
5116,33600,6151
5662,33610,6152
5097,33611,6153
3118,33613,6154
6252,33615,6155
2933,33619,6156
2708,33622,6157
2499,33623,6158
1674,33623,6159
5470,33628,6160
4166,33631,6161
3017,33632,6162
4377,33633,6163
2416,33635,6164
140,33635,6165
5468,33636,6166
5425,33638,6167
3207,33639,6168
1394,33639,6169
4280,33640,6170
4762,33641,6171
5335,33642,6172
2985,33643,6173
1841,33643,6174
386,33643,6175
4998,33645,6176
4075,33646,6177
1608,33646,6178
5588,33647,6179
477,33648,6180
95,33648,6181
6320,33648,6182
839,33650,6183
3854,33650,6184
2540,33653,6185
5654,33655,6186
965,33656,6187
4977,33656,6188
4079,33658,6189
1277,33658,6190
3178,33659,6191
4954,33661,6192
3066,33663,6193
838,33663,6194
65,33663,6195
5452,33668,6196
3266,33669,6197
5365,33672,6198
5343,33675,6199
1657,33675,6200
6382,33677,6201
841,33677,6202
4281,33683,6203
4354,33685,6204
2382,33687,6205
4297,33688,6206
2541,33692,6207
6033,33693,6208
6385,33697,6209
6379,33699,6210
5762,33703,6211
3683,33705,6212
3602,33706,6213
3637,33708,6214
4181,33709,6215
3598,33710,6216
4224,33712,6217
2882,33713,6218
365,33714,6219
2593,33714,6220
4416,33715,6221
4691,33716,6222
5353,33717,6223
4473,33719,6224
6358,33720,6225
5103,33722,6226
3551,33725,6227
887,33725,6228
4858,33727,6229
332,33730,6230
1728,33730,6231
2737,33730,6232
5427,33731,6233
1276,33733,6234
153,33733,6235
4143,33733,6236
3216,33734,6237
4290,33735,6238
5297,33739,6239
2747,33743,6240
5536,33744,6241
5539,33745,6242
2727,33749,6243
5515,33765,6244
3701,33770,6245
5825,33775,6246
5666,33776,6247
5578,33777,6248
160,33779,6249
2257,33779,6250
2511,33782,6251
3699,33785,6252
763,33787,6253
4575,33787,6254
4649,33788,6255
2925,33791,6256
5356,33793,6257
2321,33796,6258
5561,33807,6259
4058,33809,6260
4237,33810,6261
487,33810,6262
4293,33811,6263
1478,33811,6264
2553,33816,6265
3104,33818,6266
759,33820,6267
3344,33820,6268
1408,33820,6269
4502,33822,6270
5136,33824,6271
3077,33826,6272
2403,33830,6273
3141,33832,6274
5777,33837,6275
4304,33843,6276
4983,33848,6277
3966,33849,6278
4856,33852,6279
4723,33856,6280
6063,33860,6281
1304,33860,6282
3530,33864,6283
1282,33864,6284
6006,33865,6285
6193,33868,6286
5291,33870,6287
3682,33874,6288
4900,33876,6289
3906,33877,6290
1343,33877,6291
2207,33881,6292
104,33882,6293
3837,33882,6294
848,33882,6295
6307,33884,6296
2095,33887,6297
2252,33891,6298
1327,33891,6299
4451,33894,6300
4992,33895,6301
1274,33898,6302
3860,33898,6303
2492,33899,6304
5273,33900,6305
5567,33904,6306
4495,33905,6307
5299,33906,6308
4424,33908,6309
3749,33910,6310
5590,33913,6311
563,33915,6312
3849,33915,6313
2186,33916,6314
266,33916,6315
20,33917,6316
5869,33917,6317
2118,33918,6318
2495,33919,6319
5809,33932,6320
3413,33933,6321
1354,33933,6322
4268,33942,6323
1147,33943,6324
826,33943,6325
5516,33943,6326
6031,33950,6327
4732,33954,6328
2493,33957,6329
5480,33958,6330
671,33958,6331
5613,33960,6332
3874,33962,6333
5358,33963,6334
654,33971,6335
120,33971,6336
5760,33971,6337
3506,33972,6338
829,33973,6339
2367,33973,6340
1682,33974,6341
5741,33974,6342
5373,33976,6343
39,33976,6344
426,33976,6345
