studio_id,studio_name
1,"""dia"" productions gmbh & co. kg"
2,"""g"" productions llc"
3,01 distribution
4,108 media
5,1091 media
6,20th century fox
7,20th century fox argentina
8,20th century fox home entertainment
9,20th century fox international classics
10,20th century fox studios
11,26 aries
12,3l filmverleih
13,4th row films
14,518 media
15,7-57 releasing
16,7th art releasing
17,"7th floor, the"
18,7th planet productions
19,8x entertainment
20,a bigger boat
21,a collective eye production
22,a&e indiefilms
23,a-film distribution
24,a24
25,abacus media rights
26,abkco films
27,abramorama
28,abs-cbn film productions
29,absurda
30,access motion picture group
31,adopt films
32,adv films
33,afd theatricals
34,affrm
35,african-american film festival releasing movement
36,after dark films
37,agora films
38,alamode film
39,albatros film
40,alchemy
41,alcon entertainment
42,aldamisa releasing
43,aliquot films
44,alive mind media
45,alliance atlantis vivafilm
46,alliance international pictures
47,allied artists home video
48,alluvial film company
49,aloha releasing inc.
50,alphaville films
51,altered innocence
52,altitude film entertainment
53,altitude films
54,ama films
55,amazon prime video
56,amazon studios
57,ambi group
58,amc independent
59,amc networks
60,amc theatres
61,american broadcasting company (abc)
62,american cinematheque
63,american international pictures
64,american international pictures (aip)
65,american masters
66,american vitagraph
67,american zoetrope
68,amplify
69,amplify releasing
70,amstelfilm
71,anchor bay entertainment
72,anchor bay films
73,anderson digital
74,andora pictures international
75,angel films
76,animal planet
77,aniplex
78,annapurna distribution
79,annapurna pictures
80,anthem pictures
81,anthology film archives
82,antidote films (i)
83,aos (art of sport)
84,apollo cinema
85,apparition
86,apple
87,apple tv+
88,arab film distribution
89,arc entertainment
90,arc entertainment (ii)
91,arcangelo entertainment
92,archstone distribution
93,arclight films
94,ardustry home entertainment
95,area 23a
96,area23a
97,arenaplex entertainment
98,arenaplex llc
99,arenas entertainment
100,arenas group
101,argot pictures
102,ariztical entertainment
103,arp sã©lection
104,array films
105,array releasing
106,arrival pictures
107,arrow entertainment
108,arrow films
109,arrow releasing
110,arrow video
111,arthouse films
112,arti film
113,artificial eye
114,artisan entertainment
115,artistic license
116,artmattan productions
117,arts alliance
118,artsploitation films
119,ascot elite entertainment group
120,asmik ace entertainment
121,aspiration entertainment
122,aspiration media
123,astrakan films
124,"asylum, the"
125,atlantic film
126,atlas distribution
127,atlas distribution company
128,ato pictures
129,attitude films
130,autonomous films
131,avalanche releasing
132,avatar films
133,aviron pictures
134,azn television
135,bac films
136,balcony releasing
137,bandai entertainment
138,batrax entertainment
139,bauer martinez studios
140,bbc america
141,bbc worldwide americas
142,bbc worldwide north america
143,bdks productions
144,beachside films
145,beijing enlight pictures
146,belga films
147,berkela films
148,beta cinema
149,bev pictures
150,bh tilt
151,big air studios
152,big balloon adventure movie
153,big mouth productions
154,big sky motion pictures
155,big world pictures
156,"bigger picture, the"
157,bim distribuzione
158,bioscop
159,bitters end
160,black diamond pictures
161,bleecker street
162,bleecker street media
163,blinkworks media
164,bliss media
165,bloody disgusting
166,blow up pictures
167,blue chief entertainment
168,blue fox entertainment
169,blumhouse productions
170,bodega studios
171,bold films
172,boll films
173,bond/360
174,bond360
175,boroturro
176,brainstorm media
177,brave new films
178,brazos productions
179,breaking glass pictures
180,brian & barrett pictures
181,briarcliff entertainment
182,broad green pictures
183,buena vista home entertainment (bvhe)
184,buena vista home video
185,buena vista international
186,buena vista pictures
187,buena vista pictures distribution
188,c.e.o. films
189,"california film institute, the"
190,california filmes
191,california newsreel
192,calliope films
193,camelot entertainment
194,canyon cinema
195,capital entertainment
196,capitol entertainment
197,capitol films
198,capricci films
199,captured light
200,cargo films and releasing
201,carnivalesque films
202,caru pictures
203,castle hill productions
204,catchplay
205,cavu pictures
206,cavu releasing
207,cbs films
208,cdi films
209,celestial pictures
210,cfi releasing
211,chain camera pictures
212,cheapo films
213,chicago releasing
214,childhope international
215,chiller films
216,china lion
217,china lion film distribution
218,cho taussig productions
219,chum television
220,ciesla foundation
221,cinebella entertainment
222,cinedigm
223,cinedigm entertainment group
224,cinelicious pics
225,cinelou releasing
226,cinema 5 distributing
227,cinema delicatessen
228,cinema epoch
229,cinema group
230,cinema guild
231,"cinema guild, the"
232,cinema libre studio
233,cinema purgatorio
234,cinema slate
235,cinema tropical
236,cinema village features
237,cinemad presents
238,cinemanx
239,cinestate
240,cinetel films
241,cinetic media
242,cineville
243,cinã©art
244,citizens united
245,city lights pictures
246,cj entertainment
247,clarius entertainment
248,cleopatra entertainment
249,click star
250,cmc entertainment
251,cmc pictures
252,cmc pictures holdings
253,cnn films
254,codeblack entertainment
255,cohen media group
256,columbia broadcasting system (cbs)
257,columbia pictures
258,columbia pictures corporation
259,columbia tristar
260,columbia tristar home entertainment
261,columbia tristar home video
262,comedy central
263,comedy dynamics
264,complex
265,concorde filmverleih
266,connossieur video
267,constantin film
268,contact film
269,content media
270,corinth films
271,covington usa
272,cowboy booking international
273,cowboy pictures
274,crazy dreams entertainment
275,crazy wisdom films
276,crescendo house
277,"criterion collection, the"
278,cross cultural entertainment
279,crossover productions
280,cult epics
281,culture publishers (cp)
282,curb entertainment
283,curzon artificial eye
284,cw television network
285,cyan pictures
286,d films
287,d street releasing
288,d&e entertainment
289,dada films
290,dark frames
291,dark sky films
292,dark star pictures
293,dartmouth films
294,davis entertainment filmworks
295,davis gang films
296,decal
297,dej productions
298,dekanalog
299,destination film distribution corp.
300,destination films
301,destination films distribution company
302,diamond films
303,diaphana films
304,dignity distribution
305,dimension films
306,dimension home video
307,dinsdale releasing
308,discotek media
309,discovery communications
310,discovery docs
311,discovery films
312,disinformation company
313,disney+
314,disneynature
315,disruptive la
316,distrib films
317,distrimax
318,docurama
319,dogwoof global sales
320,dogwoof pictures
321,domain entertainment
322,doppelganger releasing
323,drafthouse films
324,drag city
325,dream entertainment
326,dreamworks distribution
327,dreamworks home entertainment
328,dreamworks skg
329,dutch filmworks (dfw)
330,e.d. distribution
331,e1 entertainment
332,e1 entertainment distribution
333,eagle films
334,eagle pictures
335,eammon films
336,echo bridge entertainment
337,echo bridge home entertainment
338,eddie live llc
339,edition salzgeber
340,efilm studios
341,efish entertainment
342,electric entertainment
343,elephant eye films
344,elevation pictures
345,eleven arts
346,elliptic entertainment
347,elvira movie company llc
348,embrem entertainment
349,emerging pictures
350,empire film group
351,empire pictures
352,empire pictures inc.
353,endgame entertainment
354,endorphine production
355,entertainment one
356,entertainment squad
357,entertainment studios motion pictures
358,eone entertainment
359,epic pictures
360,epic pictures group
361,epic pictures releasing
362,erbp
363,eros international
364,esperanto filmoj
365,espn
366,europacorp usa
367,evergreen films inc.
368,evergreen pictures
369,every tribe entertainment
370,excel entertainment
371,exclusive releasing
372,exile pictures
373,facets multimedia distribution
374,factory 13
375,factory 25
376,fathom events
377,feelgood entertainment
378,festival media
379,figa films
380,film & tv house
381,film arcade
382,film buff
383,"film collaborative, the"
384,"film desk, the"
385,film forum
386,film foundry releasing
387,film movement
388,"film sales company, the"
389,film threat dvd
390,filmbuff
391,filmcoopi zã¼rich
392,filmdistrict
393,filmfixx
394,filmgarde cineplex
395,filmrise
396,films philos
397,films transit international
398,films we like
399,fine line features
400,firefly films
401,fireworks pictures
402,first independent pictures
403,first look international
404,first look pictures
405,first run features
406,first run films
407,first run/icarus films
408,fisher klingenstein films
409,five sisters productions
410,flatland pictures
411,fluid entertainment
412,focus entertainment
413,focus features
414,focus world
415,footprint films
416,forager films
417,forefront media group
418,fortress products
419,fox 2000 pictures
420,fox atomic
421,fox family channel
422,fox family films
423,fox lorber home video
424,fox searchlight pictures
425,fox world cinema
426,fox-walden
427,freestyle digital media
428,freestyle releasing
429,friends of film
430,fries film group
431,front row filmed entertainment
432,front street productions
433,fsi
434,full circle releasing
435,full moon films
436,fun academy motion pictures
437,funfilm distribution
438,funimation entertainment
439,funimation films
440,future you pictures
441,gaga
442,gaiam
443,gallery motion pictures
444,gathrfilms
445,gbgb international
446,gem entertainment
447,geoquest entertainment group
448,giant screen bugs
449,gidalya pictures
450,gigantic pictures
451,gigantic releasing
452,gkids
453,glacier field llc
454,global film initiative
455,godigital media group
456,good deed entertainment
457,good films releasing
458,good machine
459,good machine international
460,goodbye cruel releasing
461,gorilla factory productions
462,granite releasing
463,grasshopper film
464,gravitas ventures
465,gravity hill films
466,great point media
467,green planet productions
468,greenwich entertainment
469,grindstone entertainment group
470,gs entertainment
471,gunpowder & sky
472,gush productions
473,hannover house
474,haram films
475,hart sharp video
476,haut et court
477,haut et court distribution
478,hbo
479,hbo documentary
480,hbo documentary films
481,hbo films
482,hbo max
483,hbo sports
484,hbo theatrical documentary
485,hbo/cinemax documentary
486,hdnet films
487,hemispheric pictures
488,herrick entertainment
489,high top releasing
490,highland film group (hfg)
491,highline pictures
492,hiqi media
493,hkfm
494,hollywood independents
495,hollywood pictures home video
496,home box office (hbo)
497,home box office home video (hbo)
498,home vision entertainment (hve)
499,hopscotch productions
500,"hot ticket, the"
501,hotwire productions
502,house lights media
503,house lights media partners
504,huayi brothers media
505,hulu
506,human rights watch international
507,icarus films
508,icon film distribution
509,idp distribution
510,ifc
511,ifc films
512,ifc first take
513,ifc midnight
514,ifc releasing
515,ignite channel
516,image entertainment
517,imagenation abu dhabi fz
518,imaginasian entertainment
519,imaginasian pictures
520,imagination worldwide
521,imax
522,immediate pictures
523,in film praha
524,in the family productions
525,independent
526,independent artist
527,indican pictures
528,indiepix
529,indievest pictures
530,indion entertainment group
531,indomina group
532,indomina releasing
533,industryworks pictures
534,innovation film group (ifg)
535,insurge pictures
536,interior13 cine
537,intermedia
538,international film circuit
539,invincible pictures
540,iron hill pictures
541,isa releasing
542,island alive
543,it's all been arranged
544,itvs
545,jacobs entertainment inc.
546,janus film
547,janus films
548,jean doumanian films
549,jet films llc
550,jour de fete
551,jour de fãªte films
552,journeyman pictures
553,juno films
554,k films amerique
555,k2 communications
556,kaleidoscope film distribution
557,ketchup entertainment
558,keystone family pictures
559,khushi films
560,kimstim films
561,kindred media group
562,kinepolis film distribution (kfd)
563,kinetique
564,kino international
565,kino lorber
566,kino lorber films
567,kino video
568,koch lorber films
569,koch vision
570,kristin canty productions
571,ladylike films
572,laemmle/zeller films
573,lala films!
574,landau releasing organization (lro)
575,lange film releasing
576,lantern lane entertainment
577,laterit productions
578,launchpad releasing llc
579,ld entertainment
580,le pacte
581,legend films
582,leisure time features
583,leo mcwatkins films
584,les bookmakers
585,les films du losange
586,level 33 entertainment
587,levelfilm
588,liberated artists
589,liberation entertainment
590,libero
591,liberty studios
592,liddell entertainment
593,lifesize entertainment
594,lightyear entertainment
595,lions gate films
596,lions gate films home entertainment
597,lionsgate
598,lionsgate home entertainment
599,lionsgate premiere
600,lleju productions
601,lockjaw productions
602,locomotive entertainment group
603,loki films
604,long shot factory
605,longride
606,lopert pictures corporation
607,lorber films
608,lorber ht digital
609,lot 47 films
610,louniversal releasing
611,lucky red
612,luke films inc.
613,luminous velocity releasing
614,m&l banks
615,mac releasing
616,mactavish pictures
617,madman entertainment
618,madstone films
619,maelstrom entertainment
620,magic lamp
621,magic lamp releasing
622,magic light pictures
623,magnet releasing
624,magnolia films
625,magnolia home entertainment
626,magnolia pictures
627,majestic films llc
628,manga video
629,mangusta productions
630,manhattan pictures international
631,manifesto films
632,margin films
633,mars distribution
634,marvista entertainment
635,matson films
636,maverick entertainment group
637,maya entertainment
638,maya releasing
639,mca/universal pictures
640,mcr releasing
641,meadowbrook pictures
642,media blasters
643,media luna entertainment
644,medusa film
645,menemsha entertainment
646,menemsha films
647,merchant ivory productions
648,mercurymedia international
649,metro goldwyn distributing company
650,metro-goldwyn-mayer
651,metro-goldwyn-mayer (mgm)
652,metro-goldwyn-mayer distributing corporation (mgm)
653,metropolitan filmexport
654,metroscape entertainment
655,mgm distribution
656,mgm home entertainment
657,mgm/ua home entertainment
658,miasma films
659,microcinema international
660,milestone film & video
661,mill creek entertainment
662,millennium entertainment
663,millennium films
664,minority films llc
665,mira film
666,miramax
667,miramax films
668,miramax home entertainment
669,miramax zoã«
670,mitropoulos films
671,mmc joule films
672,modern distributors
673,modernica pictures
674,momentum pictures
675,mongrel media
676,monica beach media
677,monterey media
678,monument releasing
679,morgan creek international
680,motion film group
681,motion picture corporation of america (mpca)
682,moving pictures film and television
683,mozark productions
684,mpi
685,mpi media group
686,mti home video
687,mtuckman media
688,mtv documentary films
689,mtv films
690,mubi
691,mulberry square releasing
692,multiple avenue releasing
693,multitude films
694,music box films
695,music masala films
696,my network tv
697,mycinema
698,myriad pictures
699,mythos ltd.
700,naedomi media
701,nagra kudelski group
702,national center for jewish film (ncjf)
703,national entertainment media
704,national geographic
705,national geographic channel
706,national geographic cinema ventures
707,national geographic entertainment
708,national geographic films
709,nej international pictures
710,neoclassics films
711,neon
712,net effect media
713,netflix
714,new american vision
715,new chapter productions
716,new europe film sales
717,new films international
718,new line cinema
719,new line home video
720,new video
721,new world distribution
722,new yorker films
723,newmark films inc.
724,newmark/echelon entertainment group
725,newmarket films
726,nfp marketing & distribution
727,nickelodeon movies
728,nikkatsu
729,norador productions
730,northern arts entertainment
731,northwest film forum / wigglyworld studios
732,nwave pictures
733,ocean avenue entertainment
734,oceanside pictures
735,octoarts films
736,october films
737,odeon
738,olive films
739,one earth productions
740,oniera films llc
741,open road films
742,open road films (ii)
743,"orchard, the"
744,organic pictures
745,original 4 releasing
746,orion classics
747,orion pictures
748,oscilloscope
749,oscilloscope laboratories
750,oscilloscope pictures
751,otl releasing
752,outrider pictures
753,outsider pictures
754,outsource media group (omg)
755,overture films
756,p&a distributors
757,p.o.v.
758,p12 films
759,pacific northwest pictures
760,page 124 productions
761,pak film
762,paladin
763,paladin (ii)
764,paladin distribution
765,paladin films
766,pale griot films
767,palisades pictures
768,palisades tartan
769,pallas film
770,palm entertainment
771,palm pictures
772,pandora film verleih
773,panorama entertainment
774,pantelion films
775,parade deck films
776,paradise filmworks international
777,parallel media
778,paramount classics
779,paramount famous productions
780,paramount home entertainment
781,paramount home video
782,paramount pictures
783,paramount vantage
784,paramount+
785,parkland entertainment
786,parkside releasing
787,participant media
788,participant productions
789,passion river films
790,passport pictures
791,pathfinder pictures
792,pathã©
793,pathã© contemporary films
794,pbs
795,pbs distribution
796,peace arch entertainment group
797,peace arch releasing
798,peninsula films
799,periscoop film
800,petunia productions
801,phaedra cinema
802,phase 4 films
803,phoenicia pictures
804,photosynthesis productions
805,picture this! entertainment
806,picturehouse
807,picturehouse entertainment
808,pierre grise distribution
809,pioneer entertainment
810,pioneer entertainment (usa) l.p.
811,playtime
812,plexifilm
813,pmk*bnc
814,polychrome pictures
815,polygram video
816,postworks new york
817,"premiere marketing & distribution group, the"
818,priority films
819,privileged communications
820,pro-fun media filmverleih
821,producers distribution agency (pda)
822,providence entertainment
823,provident films
824,public broadcasting service (pbs)
825,public policy productions
826,pure flix / quality flix
827,pure flix entertainment
828,pyramide distribution
829,quark films
830,quiver distribution
831,r.s. entertainment
832,radius-twc
833,"rainbow film company, the"
834,rainbow releasing
835,ram entertainment
836,ram releasing
837,random media
838,random productions
839,ratpac documentary films
840,rcr distribution
841,real women make waves
842,red envelope entertainment
843,red flag releasing (rfr)
844,red square productions
845,red storm productions
846,redwood palms pictures
847,regent releasing
848,relativity media
849,reliance entertainment
850,reliance mediaworks
851,renaissance films
852,revolution studios
853,revolver entertainment
854,rialto pictures
855,riverbend entertainment
856,rlj entertainment
857,rlje films
858,roadshow films
859,roadside attractions
860,roam films
861,rocket fuel films
862,rocket releasing
863,rockstone releasing
864,rocky mountain pictures
865,rogue arts
866,rogue pictures
867,romar entertainment
868,round table cinema
869,row 1 entertainment
870,roxie releasing
871,rumur inc.
872,rumur releasing
873,ryan bruce levey film distribution and pr services
874,saban films
875,saboteur media
876,sag harbor-basement pictures
877,sagewood cinema ventures
878,sahara films
879,"samuel goldwyn company, the"
880,samuel goldwyn films
881,sanctuary group inc.
882,santa rita film co.
883,scanbox entertainment
884,sceneries distribution
885,scholastic productions
886,schwarz smith & taskovski films
887,screen gems
888,screen media films
889,screen media ventures
890,seagull films
891,searchlight pictures
892,seethink films
893,selznick releasing organization
894,senart films
895,senator distribution
896,seventh art productions
897,seventh art releasing
898,shadow distribution
899,shakey pictures
900,sharpshooter pictures
901,shochiku company
902,shooting gallery
903,shoreline entertainment
904,shorts international
905,shout! factory
906,shout! factory films
907,shout! studios
908,showbox/mediaplex
909,showtime
910,showtime documentary films
911,showtime networks
912,shudder
913,sideshow releasing
914,siete machos films
915,signature entertainment
916,silver nitrate
917,silver nitrate releasing
918,silverwood films
919,sky island films
920,skylight pictures
921,slamdance on the road
922,slippery chicken pictures
923,slowhand cinema releasing
924,small planet pictures
925,smodcast pictures
926,snagfilms
927,soda pictures
928,solstice studios
929,somme productions
930,sony bmg feature films
931,sony pictures
932,sony pictures classics
933,sony pictures entertainment
934,sony pictures entertainment (spe)
935,sony pictures entertainment (spe) worldwide acquisitions group
936,sony pictures home entertainment
937,sony pictures releasing
938,sony pictures releasing international
939,sony pictures television
940,sony pictures worldwide acquisitions (spwa)
941,spheeris films inc.
942,spit & glue distribution
943,stage 6 films
944,start here films
945,starz digital media
946,stony island entertainment
947,strand releasing
948,stranger than fiction films
949,stratosphere entertainment
950,streetlight films
951,studio canal
952,studiocanal
953,stx entertainment
954,stx films
955,stxfilms
956,submarine deluxe
957,submarine entertainment
958,subversive cinema
959,summit distribution
960,summit entertainment
961,sundance channel
962,sundance channel home entertainment
963,sundance film series
964,sundance selects
965,super ltd
966,susan froemke productions
967,swerve films
968,swipe films
969,sycamore entertainment
970,syfy films
971,syndicado
972,synergetic distribution
973,synthetic releasing
974,tai seng video marketing
975,tartan
976,tartan films
977,teleculture
978,telepathic studios
979,televisa cine
980,ten letters
981,tenderloin action group
982,teodora film
983,the animation show
984,the cinema guild
985,the film arcade
986,the film collaborative
987,the film company
988,the film desk
989,the orchard
990,the weinstein company
991,thinkfilm
992,third rail releasing
993,tidepoint pictures
994,tilapia film
995,tla releasing
996,together films
997,toho
998,toho (toko) production
999,toho company
1000,torch films
1001,touchstone pictures
1002,trafalgar releasing
1003,transient pictures
1004,traverse media
1005,trela media
1006,tria productions
1007,tribeca film
1008,tricolore
1009,trilogy films
1010,trimark pictures
1011,trimark video
1012,trinity
1013,trinity home entertainment
1014,tristar pictures
1015,triumph films
1016,troma entertainment
1017,troopers films
1018,truly indie
1019,tugg
1020,twc-dimension
1021,twentieth century fox
1022,twentieth century fox film corporation
1023,twentieth century fox home entertainment
1024,twentieth television
1025,typecast releasing
1026,unapix entertainment productions
1027,uncork'd entertainment
1028,under the milky way
1029,unico entertainment
1030,union avenue productions
1031,unison films
1032,united artists
1033,united artists releasing
1034,united entertainment partners north america
1035,united motion pictures organization (umpo)
1036,united paramount network (upn)
1037,universal focus
1038,universal home entertainment
1039,universal pictures
1040,universal pictures content group
1041,universal pictures home entertainment
1042,universal pictures home entertainment (uphe)
1043,universal pictures international (upi)
1044,universal pictures international entertainment (upie)
1045,universal studios
1046,universal studios home entertainment
1047,univisiã³n network
1048,upstate films
1049,urban vision entertainment
1050,urbanworld films
1051,usa films
1052,utopia
1053,utopia pictures
1054,vanishing angle
1055,variance films
1056,venevision international
1057,vertical entertainment
1058,vertigo releasing
1059,vice films
1060,videocine
1061,village roadshow entertainment
1062,virgil films
1063,virgil films & entertainment
1064,vision films
1065,vitagraph films
1066,viva films
1067,vivendi entertainment
1068,viz media
1069,viz pictures
1070,"vladar company, the"
1071,voltage pictures
1072,w2 media
1073,"walt disney company, the"
1074,walt disney home video
1075,walt disney pictures
1076,walt disney studios
1077,walt disney studios motion pictures
1078,warner bros.
1079,warner bros. domestic television distribution
1080,warner bros. entertainment
1081,warner bros. pictures
1082,warner home video
1083,warner independent pictures (wip)
1084,watch entertainment
1085,"weinstein company, the"
1086,well go
1087,well go usa entertainment
1088,wellspring media
1089,westchester films inc.
1090,westlake entertainment group
1091,whiskey outpost productions
1092,whitewater films
1093,wiggly world studios
1094,wild bunch
1095,wildcat releasing
1096,wilder films
1097,windline films
1098,winstar cinema
1099,wolfe releasing
1100,wolfe video
1101,women make movies
1102,wonder vision
1103,world wide motion pictures corporation
1104,world wrestling entertainment (wwe)
1105,wrekin hill entertainment
1106,ximotion media
1107,xlrator media
1108,xyz films
1109,yari film group (yfg)
1110,yari film group releasing
1111,yellow veil pictures
1112,yleisradio (yle)
1113,york entertainment
1114,youtube
1115,zealot pictures
1116,zeitgeist films
1117,zenpix
1118,zipporah films
