award_id,award_body,category,movie_id
4729,-,-,2
2829,-,-,5
19,-,-,5
5592,-,-,16
2998,-,-,21
1589,-,-,21
4969,-,-,25
4076,-,-,28
1563,-,-,28
5530,-,-,30
5901,-,-,43
5664,-,-,50
1037,-,-,75
4834,-,-,75
1084,-,-,109
4159,-,-,109
3462,-,-,134
2923,-,-,145
599,-,-,219
5862,-,-,219
1004,-,-,219
5535,-,-,222
1884,-,-,222
4929,-,-,232
3731,-,-,249
987,-,-,260
1185,-,-,260
3888,-,-,260
5113,-,-,264
2605,-,-,291
1545,-,-,303
4521,-,-,303
6259,-,-,312
3089,-,-,318
756,-,-,318
5483,-,-,339
1602,-,-,339
1063,-,-,414
2800,-,-,414
4033,-,-,480
229,-,-,582
2442,-,-,582
193,-,-,582
4102,-,-,593
5691,-,-,602
3239,-,-,625
832,-,-,625
1732,-,-,635
3988,-,-,635
6269,-,-,706
6119,-,-,747
4032,-,-,751
1085,-,-,751
4744,-,-,777
3155,-,-,797
5288,-,-,799
4823,-,-,807
638,-,-,807
983,-,-,821
4208,-,-,821
6053,-,-,827
3143,-,-,913
2603,-,-,922
731,-,-,922
796,-,-,926
2299,-,-,926
5019,-,-,927
4857,-,-,1003
1921,-,-,1003
3845,-,-,1010
6241,-,-,1029
4705,-,-,1048
2205,-,-,1064
350,-,-,1064
433,-,-,1064
110,-,-,1066
3375,-,-,1066
4743,-,-,1068
844,-,-,1068
451,-,-,1109
1154,-,-,1109
3488,-,-,1109
864,-,-,1156
2174,-,-,1156
407,-,-,1156
3771,-,-,1285
6356,-,-,1294
1191,-,-,1311
2443,-,-,1311
402,-,-,1311
4682,-,-,1375
1824,-,-,1467
3843,-,-,1467
167,-,-,1467
2552,-,-,1476
6384,-,-,1524
1359,-,-,1584
4161,-,-,1584
1899,-,-,1595
5636,-,-,1595
2669,-,-,1606
3469,-,-,1610
5701,-,-,1669
5642,-,-,1705
501,-,-,1775
335,-,-,1775
3360,-,-,1775
4545,-,-,1780
311,-,-,1780
706,-,-,1780
5349,-,-,1851
139,-,-,1851
3969,-,-,1854
2901,-,-,1862
377,-,-,1862
457,-,-,1862
4041,-,-,1867
2338,-,-,1876
755,-,-,1876
3617,-,-,1886
2040,-,-,1915
3528,-,-,1948
5817,-,-,1963
5398,-,-,1986
1818,-,-,1990
5160,-,-,1990
5375,-,-,1996
502,-,-,2041
2457,-,-,2041
757,-,-,2052
1406,-,-,2052
2516,-,-,2052
5885,-,-,2083
5065,-,-,2096
6386,-,-,2098
3318,-,-,2102
2588,-,-,2134
551,-,-,2157
4191,-,-,2157
4399,-,-,2204
3335,-,-,2211
1398,-,-,2211
3822,-,-,2224
2725,-,-,2244
5140,-,-,2251
4249,-,-,2264
1580,-,-,2264
6133,-,-,2288
2799,-,-,2297
884,-,-,2297
5718,-,-,2324
6331,-,-,2380
5404,-,-,2395
3945,-,-,2398
1745,-,-,2398
11,-,-,2437
4450,-,-,2437
4980,-,-,2524
1281,-,-,2532
1360,-,-,2532
4315,-,-,2532
2480,-,-,2558
327,-,-,2558
203,-,-,2558
58,-,-,2566
3861,-,-,2566
4083,-,-,2581
5768,-,-,2590
5046,-,-,2595
6212,-,-,2615
2363,-,-,2674
575,-,-,2689
6401,-,-,2689
1525,-,-,2703
5971,-,-,2703
4468,-,-,2704
730,-,-,2704
5441,-,-,2709
2072,-,-,2712
5239,-,-,2715
3971,-,-,2736
5192,-,-,2775
3842,-,-,2791
5393,-,-,2860
6021,-,-,2878
1448,-,-,2878
1258,-,-,2941
4356,-,-,2941
1839,-,-,2941
3615,-,-,2981
1562,-,-,2996
4974,-,-,2996
2983,-,-,3024
509,-,-,3058
4187,-,-,3058
524,-,-,3058
3460,-,-,3078
1106,-,-,3078
4985,-,-,3125
2285,-,-,3157
1898,-,-,3162
6335,-,-,3162
403,-,-,3164
5788,-,-,3164
1296,-,-,3301
3290,-,-,3301
6317,-,-,3316
3157,-,-,3363
3273,-,-,3379
3797,-,-,3399
5158,-,-,3403
1223,-,-,3403
6221,-,-,3428
4419,-,-,3431
1250,-,-,3431
3072,-,-,3435
6120,-,-,3484
795,-,-,3506
4876,-,-,3506
904,-,-,3515
5209,-,-,3515
4421,-,-,3560
1564,-,-,3560
5290,-,-,3569
4821,-,-,3571
4930,-,-,3576
1747,-,-,3576
5403,-,-,3588
3193,-,-,3589
3527,-,-,3593
456,-,-,3593
240,-,-,3593
448,-,-,3595
3001,-,-,3595
4591,-,-,3617
5191,-,-,3621
4877,-,-,3632
5742,-,-,3664
4767,-,-,3744
849,-,-,3764
818,-,-,3764
2479,-,-,3764
326,-,-,3766
2719,-,-,3766
3656,-,-,3791
3074,-,-,3816
5544,-,-,3856
3399,-,-,3863
2132,-,-,3929
1640,-,-,3946
4610,-,-,3946
2059,-,-,3991
3106,-,-,4008
236,-,-,4008
6000,-,-,4014
3825,-,-,4074
5647,-,-,4082
265,-,-,4094
405,-,-,4094
4313,-,-,4094
4592,-,-,4161
2440,-,-,4167
5472,-,-,4199
5161,-,-,4220
2401,-,-,4224
4116,-,-,4262
775,-,-,4262
4229,-,-,4269
1070,-,-,4279
2398,-,-,4279
679,-,-,4279
2116,-,-,4351
2549,-,-,4391
2250,-,-,4395
3194,-,-,4416
6336,-,-,4423
4573,-,-,4445
3580,-,-,4447
873,-,-,4447
1544,-,-,4458
3592,-,-,4458
4928,-,-,4502
1208,-,-,4502
5316,-,-,4533
6001,-,-,4542
4820,-,-,4546
6242,-,-,4577
4101,-,-,4595
4118,-,-,4597
1494,-,-,4597
4470,-,-,4604
1609,-,-,4604
5391,-,-,4630
1397,-,-,4630
600,-,-,4670
3133,-,-,4670
1064,-,-,4678
3929,-,-,4678
484,-,-,4678
5374,-,-,4690
3951,-,-,4717
5018,-,-,4719
1105,-,-,4719
2937,-,-,4724
3050,-,-,4765
1127,-,-,4765
5565,-,-,4776
870,-,-,4803
2666,-,-,4803
2018,-,-,4803
5030,-,-,4856
1551,-,-,4868
1511,-,-,4868
5093,-,-,4868
3795,-,-,4878
5421,-,-,4894
472,-,-,4894
1981,-,-,4924
4976,-,-,4924
963,-,-,4970
665,-,-,4970
3400,-,-,4970
56,-,-,4979
5258,-,-,4979
658,-,-,4981
3246,-,-,4981
399,-,-,4985
643,-,-,4985
3968,-,-,4985
5091,-,-,4987
2837,-,-,4990
863,-,-,4990
5045,-,-,4991
5159,-,-,4998
1591,-,-,4998
6240,-,-,5084
3549,-,-,5135
950,-,-,5135
1251,-,-,5136
4162,-,-,5136
3028,-,-,5166
2150,-,-,5170
166,-,-,5170
644,-,-,5174
2860,-,-,5174
1146,-,-,5174
2324,-,-,5229
4774,-,-,5233
659,-,-,5264
713,-,-,5264
2209,-,-,5264
1801,-,-,5278
4522,-,-,5278
1420,-,-,5280
4565,-,-,5280
204,-,-,5284
194,-,-,5284
3114,-,-,5284
3726,-,-,5314
1107,-,-,5314
378,-,-,5318
2263,-,-,5318
2455,-,-,5345
473,-,-,5345
4141,-,-,5358
1273,-,-,5409
5063,-,-,5409
1650,-,-,5412
84,-,-,5412
4398,-,-,5412
5173,-,-,5496
6143,-,-,5498
3801,-,-,5500
2914,-,-,5522
1664,-,-,5522
2721,-,-,5548
927,-,-,5548
4481,-,-,5551
5455,-,-,5554
328,-,-,5566
4057,-,-,5566
585,-,-,5566
5000,-,-,5589
5814,-,-,5591
4276,-,-,5593
5482,-,-,5594
5743,-,-,5619
550,-,-,5622
2339,-,-,5622
4163,-,-,5625
1476,-,-,5625
2071,-,-,5653
4501,-,-,5656
137,-,-,5661
4564,-,-,5661
109,-,-,5664
4973,-,-,5664
4839,-,-,5669
1449,-,-,5677
5210,-,-,5677
5990,-,-,5678
5972,-,-,5680
2627,-,-,5725
4133,-,-,5764
5289,-,-,5778
2226,-,-,5853
776,-,-,5853
2720,-,-,5862
843,-,-,5862
4314,-,-,5863
951,-,-,5876
4077,-,-,5876
3750,-,-,5927
1837,-,-,5927
228,-,-,5927
1663,-,-,5929
3724,-,-,5929
3817,-,-,5956
5021,-,-,5959
1148,-,-,5959
57,-,-,5984
6402,-,-,5984
3796,-,-,6040
241,-,-,6050
4331,-,-,6050
705,-,-,6099
3288,-,-,6099
3770,-,-,6132
1931,-,-,6132
4907,-,-,6157
123,-,-,6157
2020,-,-,6157
1399,-,-,6167
5442,-,-,6167
3210,-,-,6180
1930,-,-,6180
1995,-,-,6198
5308,-,-,6198
5064,-,-,6213
1579,-,-,6213
2740,-,-,6229
168,-,-,6242
177,-,-,6242
2861,-,-,6242
3125,-,-,6250
609,-,-,6250
4013,-,-,6259
6022,-,-,6289
1788,-,-,6316
3402,-,-,6316
4172,-,-,6367
5190,-,-,6371
548,-,-,6377
3631,-,-,6377
4793,-,-,6390
3444,-,-,6401
1126,-,-,6418
1347,-,-,6418
2745,-,-,6418
3003,-,-,6433
777,-,-,6433
6337,-,-,6476
1965,-,-,6477
2058,-,-,6477
1967,-,-,6505
3679,-,-,6505
842,-,-,6537
2900,-,-,6537
4616,-,-,6538
6049,-,-,6546
6194,-,-,6549
3987,-,-,6565
680,-,-,6565
525,-,-,6568
2527,-,-,6568
4955,-,-,6586
906,-,-,6677
3632,-,-,6677
6176,-,-,6687
1592,-,-,6690
4292,-,-,6690
5475,-,-,6702
4661,-,-,6706
1897,-,-,6714
4247,-,-,6714
6211,-,-,6716
4792,-,-,6721
5174,-,-,6757
3798,-,-,6772
4499,-,-,6795
547,-,-,6804
3419,-,-,6804
4927,-,-,6822
1715,-,-,6822
5665,-,-,6824
614,-,-,6824
334,-,-,6824
5317,-,-,6828
5953,-,-,6868
910,-,-,6868
660,-,-,6868
2515,-,-,6885
3029,-,-,6934
4543,-,-,6979
5488,-,-,6999
4905,-,-,7008
5534,-,-,7018
6146,-,-,7027
3377,-,-,7031
222,-,-,7031
4653,-,-,7041
267,-,-,7064
3211,-,-,7064
2548,-,-,7078
1695,-,-,7078
5973,-,-,7145
5074,-,-,7161
889,-,-,7162
999,-,-,7162
5951,-,-,7162
1249,-,-,7164
2225,-,-,7164
2090,-,-,7185
6177,-,-,7220
3614,-,-,7250
5238,-,-,7257
2585,-,-,7273
2526,-,-,7274
1206,-,-,7274
1310,-,-,7277
5920,-,-,7277
5720,-,-,7334
6050,-,-,7363
1817,-,-,7368
4291,-,-,7368
1980,-,-,7384
2136,-,-,7384
5833,-,-,7418
6239,-,-,7430
4099,-,-,7446
4418,-,-,7447
1964,-,-,7447
2311,-,-,7449
529,-,-,7449
917,-,-,7449
3630,-,-,7450
883,-,-,7450
1958,-,-,7454
6062,-,-,7454
192,-,-,7467
3859,-,-,7467
2938,-,-,7481
112,-,-,7485
2110,-,-,7485
2286,-,-,7494
1086,-,-,7495
4611,-,-,7495
355,-,-,7498
2838,-,-,7498
2785,-,-,7501
3012,-,-,7524
2644,-,-,7610
1714,-,-,7610
5876,-,-,7618
1418,-,-,7618
3485,-,-,7620
2743,-,-,7624
3677,-,-,7644
1621,-,-,7644
682,-,-,7655
6165,-,-,7655
1425,-,-,7682
3237,-,-,7682
982,-,-,7708
2878,-,-,7708
5307,-,-,7778
5137,-,-,7792
1799,-,-,7804
2399,-,-,7804
2783,-,-,7881
2381,-,-,7882
3420,-,-,7897
1125,-,-,7897
1883,-,-,7900
5584,-,-,7900
1062,-,-,7903
3289,-,-,7903
2137,-,-,7904
4446,-,-,7949
1781,-,-,7949
1671,-,-,7949
4372,-,-,7962
882,-,-,7962
1272,-,-,7968
3209,-,-,7968
925,-,-,7987
4926,-,-,7987
3132,-,-,8032
797,-,-,8032
1508,-,-,8057
6257,-,-,8057
2414,-,-,8060
2017,-,-,8060
2742,-,-,8061
6354,-,-,8066
5685,-,-,8072
5439,-,-,8073
1060,-,-,8073
5563,-,-,8075
3131,-,-,8096
2107,-,-,8103
1145,-,-,8103
1761,-,-,8108
5571,-,-,8108
5952,-,-,8119
578,-,-,8131
2490,-,-,8131
4482,-,-,8138
3425,-,-,8141
1929,-,-,8172
3570,-,-,8172
1787,-,-,8172
2665,-,-,8181
1190,-,-,8187
1016,-,-,8187
3703,-,-,8187
4819,-,-,8193
5935,-,-,8222
4888,-,-,8240
111,-,-,8266
2109,-,-,8266
5139,-,-,8268
2297,-,-,8283
83,-,-,8283
4098,-,-,8284
3459,-,-,8300
980,-,-,8300
754,-,-,8322
2877,-,-,8322
4772,-,-,8328
6286,-,-,8343
4480,-,-,8344
5362,-,-,8348
4755,-,-,8360
4138,-,-,8388
2151,-,-,8390
2019,-,-,8390
6098,-,-,8410
1386,-,-,8410
5220,-,-,8416
2978,-,-,8423
1270,-,-,8423
1823,-,-,8423
5832,-,-,8439
1257,-,-,8442
634,-,-,8442
3358,-,-,8442
5739,-,-,8534
6305,-,-,8536
323,-,-,8546
4465,-,-,8546
2897,-,-,8549
1834,-,-,8549
37,-,-,8549
6115,-,-,8553
3045,-,-,8556
2015,-,-,8556
2583,-,-,8560
499,-,-,8583
3374,-,-,8583
3794,-,-,8667
1866,-,-,8667
1323,-,-,8673
2566,-,-,8673
239,-,-,8684
3000,-,-,8684
1069,-,-,8686
3654,-,-,8686
1561,-,-,8686
3151,-,-,8688
3068,-,-,8690
3371,-,-,8691
164,-,-,8691
3312,-,-,8710
4634,-,-,8720
1953,-,-,8720
4816,-,-,8726
5750,-,-,8744
5157,-,-,8766
1743,-,-,8766
3768,-,-,8823
1620,-,-,8823
728,-,-,8841
4158,-,-,8841
6332,-,-,8842
263,-,-,8842
1456,-,-,8842
6191,-,-,8843
4417,-,-,8844
1912,-,-,8846
6116,-,-,8846
3965,-,-,8865
4609,-,-,8877
5919,-,-,8879
5596,-,-,8896
5025,-,-,8907
5348,-,-,8912
138,-,-,8912
2041,-,-,8933
6360,-,-,8946
5717,-,-,8983
5333,-,-,8986
2488,-,-,8989
294,-,-,8989
136,-,-,8995
6284,-,-,8995
434,-,-,8995
2899,-,-,8997
596,-,-,8997
4053,-,-,9012
4679,-,-,9020
3021,-,-,9021
5346,-,-,9024
1293,-,-,9024
3524,-,-,9027
3652,-,-,9028
217,-,-,9032
309,-,-,9032
3747,-,-,9032
1712,-,-,9033
4923,-,-,9033
251,-,-,9037
3227,-,-,9037
497,-,-,9037
6190,-,-,9040
5088,-,-,9042
1509,-,-,9070
2955,-,-,9070
3905,-,-,9089
4802,-,-,9116
6081,-,-,9117
5237,-,-,9150
55,-,-,9156
2797,-,-,9156
1036,-,-,9169
2376,-,-,9169
6381,-,-,9180
752,-,-,9180
92,-,-,9180
3546,-,-,9189
1322,-,-,9189
3901,-,-,9200
1357,-,-,9200
5609,-,-,9203
383,-,-,9209
959,-,-,9209
6380,-,-,9209
5188,-,-,9210
6364,-,-,9215
5545,-,-,9262
5002,-,-,9275
5513,-,-,9307
4353,-,-,9314
2246,-,-,9315
3071,-,-,9320
2936,-,-,9325
6048,-,-,9336
1865,-,-,9340
6352,-,-,9340
6047,-,-,9343
1176,-,-,9344
2807,-,-,9344
684,-,-,9344
1122,-,-,9347
5110,-,-,9347
293,-,-,9363
5874,-,-,9363
5899,-,-,9365
2175,-,-,9371
5857,-,-,9383
3748,-,-,9384
4718,-,-,9389
739,-,-,9389
1102,-,-,9389
2798,-,-,9395
1816,-,-,9395
2602,-,-,9399
1914,-,-,9399
5121,-,-,9495
4122,-,-,9497
1294,-,-,9502
4589,-,-,9502
252,-,-,9506
424,-,-,9506
2088,-,-,9506
5208,-,-,9509
1524,-,-,9509
4818,-,-,9510
1882,-,-,9510
2245,-,-,9532
1686,-,-,9532
1446,-,-,9532
67,-,-,9535
881,-,-,9535
5811,-,-,9535
2295,-,-,9538
81,-,-,9538
5370,-,-,9545
3702,-,-,9548
3087,-,-,9549
840,-,-,9549
4769,-,-,9550
3108,-,-,9552
28,-,-,9552
1649,-,-,9552
106,-,-,9559
2184,-,-,9559
3886,-,-,9585
6258,-,-,9603
1773,-,-,9614
6249,-,-,9614
5172,-,-,9660
4754,-,-,9674
3268,-,-,9700
3568,-,-,9715
2545,-,-,9721
4540,-,-,9728
353,-,-,9741
2172,-,-,9741
560,-,-,9741
220,-,-,9771
384,-,-,9771
5767,-,-,9771
1838,-,-,9772
3048,-,-,9772
1170,-,-,9776
5635,-,-,9776
6407,-,-,9777
733,-,-,9794
5586,-,-,9794
6222,-,-,9809
450,-,-,9813
3678,-,-,9813
1853,-,-,9820
5921,-,-,9820
4972,-,-,9832
1340,-,-,9832
93,-,-,9835
4498,-,-,9835
264,-,-,9835
165,-,-,9842
3502,-,-,9842
6080,-,-,9846
998,-,-,9848
3547,-,-,9848
3011,-,-,9849
997,-,-,9861
762,-,-,9861
3840,-,-,9861
2935,-,-,9866
5089,-,-,9870
1577,-,-,9877
1131,-,-,9877
4097,-,-,9877
4311,-,-,9887
4873,-,-,9888
4072,-,-,9890
1576,-,-,9890
3611,-,-,9893
5187,-,-,9900
5583,-,-,9911
3705,-,-,9949
3688,-,-,9974
861,-,-,10015
3985,-,-,10015
6366,-,-,10021
1639,-,-,10022
5486,-,-,10022
2149,-,-,10029
613,-,-,10029
2546,-,-,10033
2781,-,-,10036
1339,-,-,10047
2684,-,-,10047
134,-,-,10049
5810,-,-,10049
1003,-,-,10049
2169,-,-,10050
227,-,-,10050
262,-,-,10050
3984,-,-,10051
3653,-,-,10060
4496,-,-,10069
1103,-,-,10073
5207,-,-,10073
4074,-,-,10079
4100,-,-,10111
6213,-,-,10144
1716,-,-,10144
1857,-,-,10171
4393,-,-,10171
1850,-,-,10171
2795,-,-,10176
4747,-,-,10177
5551,-,-,10182
5996,-,-,10185
66,-,-,10185
979,-,-,10185
5682,-,-,10187
5059,-,-,10189
571,-,-,10189
2497,-,-,10190
2394,-,-,10193
689,-,-,10193
1471,-,-,10193
5420,-,-,10206
6209,-,-,10216
2304,-,-,10226
5369,-,-,10240
1952,-,-,10240
4380,-,-,10244
5716,-,-,10247
4245,-,-,10253
238,-,-,10253
3228,-,-,10259
1744,-,-,10300
2982,-,-,10300
5702,-,-,10313
5878,-,-,10316
1039,-,-,10316
5437,-,-,10366
879,-,-,10366
5897,-,-,10374
1123,-,-,10388
5999,-,-,10388
1385,-,-,10388
5017,-,-,10406
3055,-,-,10411
2170,-,-,10412
1280,-,-,10412
2477,-,-,10414
397,-,-,10414
201,-,-,10414
4854,-,-,10427
859,-,-,10438
3673,-,-,10438
632,-,-,10440
4371,-,-,10440
2001,-,-,10444
373,-,-,10444
2395,-,-,10444
2437,-,-,10448
1813,-,-,10454
4114,-,-,10454
2086,-,-,10456
6161,-,-,10457
2957,-,-,10513
329,-,-,10513
1344,-,-,10520
3946,-,-,10520
4449,-,-,10555
5967,-,-,10556
986,-,-,10557
4995,-,-,10557
150,-,-,10558
421,-,-,10558
2739,-,-,10558
1812,-,-,10560
4586,-,-,10560
921,-,-,10565
2334,-,-,10565
3313,-,-,10569
375,-,-,10582
3047,-,-,10582
2581,-,-,10585
712,-,-,10585
3269,-,-,10595
2547,-,-,10601
3190,-,-,10606
602,-,-,10606
1814,-,-,10606
4572,-,-,10616
677,-,-,10636
3545,-,-,10636
1720,-,-,10642
3355,-,-,10642
1082,-,-,10642
3942,-,-,10645
1374,-,-,10645
4337,-,-,10693
2489,-,-,10699
576,-,-,10699
1760,-,-,10700
4953,-,-,10700
3643,-,-,10713
5336,-,-,10730
934,-,-,10753
726,-,-,10753
3310,-,-,10753
3672,-,-,10754
1521,-,-,10754
5660,-,-,10755
1851,-,-,10757
3900,-,-,10757
1864,-,-,10768
5108,-,-,10768
4693,-,-,10769
4855,-,-,10780
5112,-,-,10787
1798,-,-,10802
4740,-,-,10802
2358,-,-,10809
558,-,-,10811
1035,-,-,10811
2898,-,-,10811
5715,-,-,10829
751,-,-,10831
3331,-,-,10831
6030,-,-,10835
3792,-,-,10840
5514,-,-,10849
3858,-,-,10853
1184,-,-,10853
1181,-,-,10855
2260,-,-,10855
3816,-,-,10859
2514,-,-,10888
1623,-,-,10910
5637,-,-,10910
3336,-,-,10925
526,-,-,10925
4415,-,-,10946
1559,-,-,10946
2622,-,-,10947
5413,-,-,10952
4429,-,-,10956
1993,-,-,10959
2951,-,-,10959
3440,-,-,10971
4518,-,-,10973
1358,-,-,10973
4704,-,-,10978
5402,-,-,10979
6096,-,-,10987
1221,-,-,10990
5061,-,-,10990
6078,-,-,11022
2491,-,-,11025
3793,-,-,11028
3176,-,-,11060
3869,-,-,11074
3639,-,-,11081
2114,-,-,11122
6017,-,-,11124
4370,-,-,11130
1604,-,-,11134
6302,-,-,11134
5133,-,-,11136
1984,-,-,11136
2855,-,-,11137
3229,-,-,11146
4563,-,-,11160
1713,-,-,11163
3903,-,-,11163
6069,-,-,11166
3424,-,-,11171
6237,-,-,11183
2642,-,-,11188
703,-,-,11188
4396,-,-,11190
5206,-,-,11195
5543,-,-,11214
5304,-,-,11218
6070,-,-,11234
2155,-,-,11256
4420,-,-,11300
681,-,-,11300
242,-,-,11307
2879,-,-,11307
5417,-,-,11328
738,-,-,11330
1033,-,-,11330
4309,-,-,11330
4703,-,-,11333
1815,-,-,11340
4696,-,-,11340
5950,-,-,11348
5933,-,-,11356
4719,-,-,11360
1143,-,-,11366
4924,-,-,11366
6141,-,-,11369
5135,-,-,11378
2344,-,-,11381
6175,-,-,11384
2856,-,-,11396
3416,-,-,11408
1203,-,-,11408
3986,-,-,11423
3192,-,-,11441
5392,-,-,11451
1526,-,-,11451
885,-,-,11487
6195,-,-,11487
1703,-,-,11487
4636,-,-,11499
1768,-,-,11499
1937,-,-,11499
1173,-,-,11516
6091,-,-,11516
976,-,-,11516
3835,-,-,11517
4966,-,-,11518
4068,-,-,11519
1518,-,-,11519
4241,-,-,11521
1944,-,-,11521
4412,-,-,11523
1877,-,-,11523
91,-,-,11525
418,-,-,11525
5806,-,-,11525
1371,-,-,11530
3147,-,-,11530
909,-,-,11530
4464,-,-,11533
3587,-,-,11536
1081,-,-,11536
4295,-,-,11539
4443,-,-,11542
1583,-,-,11544
1120,-,-,11544
2318,-,-,11544
3188,-,-,11547
5698,-,-,11553
1662,-,-,11557
559,-,-,11557
5663,-,-,11557
2337,-,-,11565
190,-,-,11565
6162,-,-,11567
2115,-,-,11587
3884,-,-,11590
1962,-,-,11600
3628,-,-,11600
3129,-,-,11618
1755,-,-,11618
4697,-,-,11671
819,-,-,11671
5414,-,-,11722
4765,-,-,11727
15,-,-,11727
346,-,-,11727
5252,-,-,11728
2995,-,-,11734
955,-,-,11734
214,-,-,11738
5627,-,-,11738
1959,-,-,11741
4869,-,-,11741
4007,-,-,11754
3721,-,-,11757
1101,-,-,11757
3150,-,-,11764
2069,-,-,11766
4073,-,-,11794
1183,-,-,11794
6353,-,-,11795
817,-,-,11795
860,-,-,11796
5684,-,-,11796
2782,-,-,11812
218,-,-,11814
4790,-,-,11814
4694,-,-,11821
1618,-,-,11821
5109,-,-,11832
3883,-,-,11834
5564,-,-,11866
243,-,-,11894
3172,-,-,11894
6288,-,-,11904
6318,-,-,11919
1753,-,-,11949
761,-,-,11949
2506,-,-,11949
4603,-,-,11953
790,-,-,11953
6173,-,-,11958
1617,-,-,11965
5579,-,-,11965
219,-,-,11999
4720,-,-,11999
68,-,-,11999
3026,-,-,12007
1661,-,-,12007
4517,-,-,12012
2953,-,-,12018
107,-,-,12018
2424,-,-,12020
2857,-,-,12023
6140,-,-,12027
3396,-,-,12029
292,-,-,12048
281,-,-,12048
4096,-,-,12048
5334,-,-,12050
6163,-,-,12055
2567,-,-,12062
1492,-,-,12062
2038,-,-,12064
4773,-,-,12068
4374,-,-,12087
1510,-,-,12087
3307,-,-,12136
5872,-,-,12139
877,-,-,12139
4461,-,-,12151
5300,-,-,12152
3788,-,-,12153
1468,-,-,12154
6376,-,-,12154
64,-,-,12154
557,-,-,12162
3700,-,-,12162
133,-,-,12162
3437,-,-,12168
1320,-,-,12173
2896,-,-,12173
2543,-,-,12184
2815,-,-,12186
813,-,-,12186
1045,-,-,12186
4605,-,-,12192
6159,-,-,12195
5371,-,-,12202
5497,-,-,12233
1375,-,-,12235
5581,-,-,12235
2849,-,-,12236
82,-,-,12241
2296,-,-,12241
1637,-,-,12246
4395,-,-,12246
4996,-,-,12252
2281,-,-,12266
5599,-,-,12268
5092,-,-,12312
4663,-,-,12316
1840,-,-,12331
5424,-,-,12331
152,-,-,12331
5815,-,-,12348
5435,-,-,12365
1975,-,-,12365
1055,-,-,12375
4367,-,-,12375
5697,-,-,12387
2696,-,-,12390
465,-,-,12390
2641,-,-,12409
978,-,-,12415
2103,-,-,12415
4750,-,-,12421
4270,-,-,12422
1765,-,-,12428
4692,-,-,12428
4050,-,-,12429
4648,-,-,12432
6301,-,-,12438
1542,-,-,12438
348,-,-,12446
3566,-,-,12446
1822,-,-,12446
2056,-,-,12455
1205,-,-,12455
3398,-,-,12458
5532,-,-,12460
4874,-,-,12467
1881,-,-,12467
5875,-,-,12468
947,-,-,12468
633,-,-,12469
3674,-,-,12469
1978,-,-,12470
3152,-,-,12470
1845,-,-,12470
5738,-,-,12478
1490,-,-,12478
2980,-,-,12482
310,-,-,12482
352,-,-,12482
2336,-,-,12490
1395,-,-,12490
2164,-,-,12493
4226,-,-,12496
1142,-,-,12498
3766,-,-,12498
2375,-,-,12504
595,-,-,12504
5560,-,-,12508
5683,-,-,12509
792,-,-,12509
4204,-,-,12512
5934,-,-,12519
5740,-,-,12521
2284,-,-,12568
1305,-,-,12615
3625,-,-,12615
1615,-,-,12626
6064,-,-,12626
5153,-,-,12638
8,-,-,12640
3899,-,-,12640
1692,-,-,12642
4513,-,-,12642
2507,-,-,12648
1734,-,-,12648
2542,-,-,12650
278,-,-,12650
569,-,-,12650
4093,-,-,12652
1685,-,-,12652
1710,-,-,12652
4225,-,-,12661
6067,-,-,12662
5255,-,-,12666
5855,-,-,12671
593,-,-,12671
226,-,-,12671
5629,-,-,12676
1291,-,-,12676
333,-,-,12677
6234,-,-,12677
1659,-,-,12677
4414,-,-,12678
394,-,-,12678
2932,-,-,12682
3940,-,-,12689
5995,-,-,12691
4831,-,-,12692
1056,-,-,12692
5785,-,-,12708
902,-,-,12725
1212,-,-,12725
4497,-,-,12725
5256,-,-,12728
5699,-,-,12730
2016,-,-,12731
642,-,-,12731
3612,-,-,12731
4115,-,-,12732
1730,-,-,12732
1271,-,-,12739
2413,-,-,12739
4833,-,-,12741
1034,-,-,12741
2623,-,-,12743
1233,-,-,12744
2244,-,-,12744
1680,-,-,12745
5968,-,-,12745
5134,-,-,12747
2683,-,-,12755
612,-,-,12755
4028,-,-,12761
1061,-,-,12788
4160,-,-,12788
1224,-,-,12798
3247,-,-,12798
500,-,-,12799
6306,-,-,12799
354,-,-,12800
122,-,-,12800
3112,-,-,12800
561,-,-,12841
298,-,-,12841
2706,-,-,12841
1475,-,-,12843
5877,-,-,12843
2645,-,-,12847
427,-,-,12847
3868,-,-,12863
2423,-,-,12865
4785,-,-,12873
1319,-,-,12874
3085,-,-,12874
6136,-,-,12877
1230,-,-,12880
2315,-,-,12880
443,-,-,12889
3542,-,-,12889
5490,-,-,12890
5232,-,-,12895
1188,-,-,12895
629,-,-,12910
2996,-,-,12910
6349,-,-,12914
3824,-,-,12920
260,-,-,12927
5606,-,-,12927
1423,-,-,12927
5608,-,-,12928
2950,-,-,12939
1777,-,-,12939
2393,-,-,12947
1909,-,-,12948
3206,-,-,12948
1336,-,-,12953
4559,-,-,12953
3225,-,-,12956
5027,-,-,12967
6005,-,-,12978
6079,-,-,12988
2979,-,-,12992
2438,-,-,13000
1780,-,-,13000
1885,-,-,13000
523,-,-,13005
3856,-,-,13005
1590,-,-,13007
3814,-,-,13007
3189,-,-,13025
1693,-,-,13026
4561,-,-,13026
6303,-,-,13030
5235,-,-,13032
5389,-,-,13033
1766,-,-,13033
3334,-,-,13040
3230,-,-,13054
1207,-,-,13083
4520,-,-,13083
1186,-,-,13097
1627,-,-,13097
4637,-,-,13097
3350,-,-,13118
1656,-,-,13118
803,-,-,13118
1626,-,-,13119
1927,-,-,13119
4811,-,-,13119
835,-,-,13125
5151,-,-,13125
148,-,-,13127
2617,-,-,13127
652,-,-,13127
3717,-,-,13132
7,-,-,13164
481,-,-,13164
2813,-,-,13164
6348,-,-,13167
4919,-,-,13168
6362,-,-,13171
2597,-,-,13177
3898,-,-,13178
2240,-,-,13179
749,-,-,13182
4870,-,-,13182
5712,-,-,13184
5628,-,-,13185
5557,-,-,13190
770,-,-,13193
3042,-,-,13193
1201,-,-,13197
2639,-,-,13197
3523,-,-,13217
5015,-,-,13220
5303,-,-,13224
3285,-,-,13227
611,-,-,13227
5484,-,-,13233
878,-,-,13233
2355,-,-,13248
6238,-,-,13263
5043,-,-,13270
1474,-,-,13280
1457,-,-,13280
2478,-,-,13280
2453,-,-,13286
960,-,-,13286
1523,-,-,13287
4695,-,-,13287
4739,-,-,13294
4950,-,-,13300
396,-,-,13321
2564,-,-,13321
1472,-,-,13322
3855,-,-,13322
4052,-,-,13328
5686,-,-,13351
5240,-,-,13365
5981,-,-,13389
4132,-,-,13402
2101,-,-,13407
76,-,-,13407
5929,-,-,13409
4221,-,-,13410
5540,-,-,13413
5604,-,-,13417
4627,-,-,13450
4202,-,-,13461
653,-,-,13461
5749,-,-,13475
2221,-,-,13476
1031,-,-,13476
4946,-,-,13477
5827,-,-,13481
1878,-,-,13481
1219,-,-,13486
5013,-,-,13486
3596,-,-,13493
5508,-,-,13497
676,-,-,13502
6398,-,-,13502
2053,-,-,13505
2034,-,-,13506
2243,-,-,13513
3791,-,-,13515
901,-,-,13517
4922,-,-,13517
4113,-,-,13524
1180,-,-,13524
4203,-,-,13527
420,-,-,13533
2895,-,-,13533
2738,-,-,13542
3287,-,-,13546
1144,-,-,13546
3967,-,-,13547
704,-,-,13551
3333,-,-,13551
3590,-,-,13567
3458,-,-,13571
1852,-,-,13571
2760,-,-,13579
423,-,-,13579
6399,-,-,13588
470,-,-,13588
1473,-,-,13592
2487,-,-,13592
4738,-,-,13600
5418,-,-,13606
5997,-,-,13612
6174,-,-,13619
1572,-,-,13635
5384,-,-,13635
1367,-,-,13658
3450,-,-,13658
2060,-,-,13668
428,-,-,13668
382,-,-,13691
24,-,-,13691
2314,-,-,13691
4626,-,-,13696
591,-,-,13698
2851,-,-,13698
1647,-,-,13698
6077,-,-,13742
3478,-,-,13755
2450,-,-,13765
1118,-,-,13765
3638,-,-,13768
5593,-,-,13772
4558,-,-,13774
1080,-,-,13774
2579,-,-,13775
466,-,-,13775
482,-,-,13775
856,-,-,13778
2524,-,-,13778
50,-,-,13787
3205,-,-,13787
2873,-,-,13792
1778,-,-,13792
1701,-,-,13793
4852,-,-,13793
4560,-,-,13800
163,-,-,13800
52,-,-,13803
4327,-,-,13803
6206,-,-,13815
5368,-,-,13816
1032,-,-,13826
3436,-,-,13826
1152,-,-,13826
4171,-,-,13835
961,-,-,13839
2876,-,-,13839
4618,-,-,13842
574,-,-,13844
6400,-,-,13844
2512,-,-,13845
1836,-,-,13857
2584,-,-,13857
508,-,-,13857
6210,-,-,13860
5347,-,-,13865
546,-,-,13865
2055,-,-,13866
2701,-,-,13871
1417,-,-,13875
2565,-,-,13875
657,-,-,13877
2796,-,-,13877
4466,-,-,13882
1797,-,-,13882
1911,-,-,13888
5580,-,-,13888
469,-,-,13895
2319,-,-,13895
483,-,-,13895
2817,-,-,13899
2999,-,-,13902
880,-,-,13902
6285,-,-,13915
2262,-,-,13922
4835,-,-,13942
85,-,-,13942
2249,-,-,13971
3563,-,-,13986
2449,-,-,13994
747,-,-,13994
417,-,-,13996
4067,-,-,13996
5464,-,-,13997
1481,-,-,13997
1211,-,-,14000
608,-,-,14000
4491,-,-,14000
1137,-,-,14002
3412,-,-,14002
3084,-,-,14012
964,-,-,14015
4975,-,-,14015
1198,-,-,14019
5624,-,-,14019
3359,-,-,14029
1915,-,-,14029
4048,-,-,14047
2562,-,-,14055
1335,-,-,14057
5779,-,-,14057
2578,-,-,14061
6092,-,-,14073
2129,-,-,14075
1550,-,-,14075
3105,-,-,14076
5680,-,-,14079
1431,-,-,14085
640,-,-,14085
2392,-,-,14085
4257,-,-,14097
3964,-,-,14098
2662,-,-,14099
3330,-,-,14102
1880,-,-,14102
5542,-,-,14104
4751,-,-,14105
4183,-,-,14108
3023,-,-,14112
6172,-,-,14115
5254,-,-,14117
4571,-,-,14118
4968,-,-,14121
495,-,-,14121
3395,-,-,14131
4243,-,-,14135
630,-,-,14135
5471,-,-,14145
398,-,-,14156
3373,-,-,14156
5419,-,-,14160
2741,-,-,14161
923,-,-,14178
2836,-,-,14178
2601,-,-,14185
351,-,-,14185
1805,-,-,14197
3887,-,-,14197
3457,-,-,14199
4853,-,-,14204
5434,-,-,14259
2030,-,-,14267
1467,-,-,14268
276,-,-,14268
4305,-,-,14268
5913,-,-,14269
1018,-,-,14294
3461,-,-,14294
1527,-,-,14296
4698,-,-,14296
2201,-,-,14311
5759,-,-,14322
1110,-,-,14322
1392,-,-,14322
723,-,-,14324
3328,-,-,14324
4920,-,-,14334
5914,-,-,14343
837,-,-,14344
2102,-,-,14344
2833,-,-,14350
977,-,-,14350
3939,-,-,14353
1894,-,-,14353
6235,-,-,14373
2052,-,-,14384
5529,-,-,14385
995,-,-,14385
5659,-,-,14400
5367,-,-,14408
3127,-,-,14410
1531,-,-,14439
3356,-,-,14439
545,-,-,14439
3069,-,-,14443
3130,-,-,14444
773,-,-,14444
6365,-,-,14445
1606,-,-,14452
4329,-,-,14452
1136,-,-,14463
5892,-,-,14463
1843,-,-,14463
344,-,-,14464
2431,-,-,14464
1646,-,-,14464
5250,-,-,14465
3040,-,-,14466
3624,-,-,14467
1162,-,-,14467
2774,-,-,14469
158,-,-,14470
5526,-,-,14470
6095,-,-,14480
6268,-,-,14485
6334,-,-,14496
4373,-,-,14513
1641,-,-,14568
5443,-,-,14568
3262,-,-,14571
3124,-,-,14577
213,-,-,14577
6266,-,-,14587
3979,-,-,14589
2276,-,-,14590
1429,-,-,14590
868,-,-,14590
5454,-,-,14592
3981,-,-,14619
675,-,-,14619
1540,-,-,14625
5465,-,-,14625
173,-,-,14625
2679,-,-,14627
1679,-,-,14627
1415,-,-,14639
3938,-,-,14639
2852,-,-,14642
3719,-,-,14643
393,-,-,14643
6328,-,-,14645
1290,-,-,14647
3980,-,-,14647
3186,-,-,14649
4287,-,-,14658
1337,-,-,14658
2452,-,-,14663
1833,-,-,14663
6160,-,-,14669
4350,-,-,14676
2167,-,-,14683
3149,-,-,14687
4026,-,-,14698
4885,-,-,14701
4871,-,-,14704
3613,-,-,14722
1299,-,-,14722
5595,-,-,14749
5824,-,-,14755
746,-,-,14755
5325,-,-,14757
737,-,-,14757
767,-,-,14763
2522,-,-,14763
479,-,-,14765
4046,-,-,14765
834,-,-,14765
100,-,-,14769
3203,-,-,14769
1804,-,-,14777
5041,-,-,14777
4136,-,-,14782
2913,-,-,14786
815,-,-,14786
2780,-,-,14806
2117,-,-,14869
3809,-,-,14897
697,-,-,14897
3718,-,-,14924
3670,-,-,14926
370,-,-,14926
4306,-,-,14937
1138,-,-,14937
4347,-,-,14938
5130,-,-,14944
4799,-,-,14952
4898,-,-,14967
4413,-,-,14969
103,-,-,14969
5994,-,-,14970
1776,-,-,14971
6158,-,-,14971
5106,-,-,14972
290,-,-,14973
3414,-,-,14973
2779,-,-,14977
656,-,-,14980
5873,-,-,14980
496,-,-,14986
4832,-,-,14986
4630,-,-,14987
6281,-,-,14992
2084,-,-,15001
4428,-,-,15006
4326,-,-,15007
444,-,-,15007
4814,-,-,15008
4736,-,-,15013
2681,-,-,15015
1013,-,-,15015
700,-,-,15016
2508,-,-,15016
5451,-,-,15017
1607,-,-,15026
5970,-,-,15026
4951,-,-,15031
1963,-,-,15035
3815,-,-,15035
5949,-,-,15047
5764,-,-,15065
1619,-,-,15065
1702,-,-,15065
1466,-,-,15067
2333,-,-,15067
5505,-,-,15068
1384,-,-,15068
2677,-,-,15071
233,-,-,15071
4510,-,-,15091
3554,-,-,15095
5917,-,-,15107
1779,-,-,15111
5737,-,-,15111
949,-,-,15142
3548,-,-,15142
4460,-,-,15181
1740,-,-,15181
3477,-,-,15191
5036,-,-,15196
1443,-,-,15199
453,-,-,15199
2735,-,-,15199
5498,-,-,15220
5623,-,-,15223
4798,-,-,15226
5511,-,-,15228
3919,-,-,15236
6186,-,-,15245
5037,-,-,15246
2277,-,-,15249
811,-,-,15249
277,-,-,15249
4660,-,-,15253
5866,-,-,15266
253,-,-,15266
1658,-,-,15272
4830,-,-,15272
3067,-,-,15281
1356,-,-,15281
3456,-,-,15295
1946,-,-,15295
2412,-,-,15296
2203,-,-,15300
3597,-,-,15301
3963,-,-,15312
3284,-,-,15316
29,-,-,15335
3857,-,-,15335
4030,-,-,15339
2036,-,-,15346
4971,-,-,15355
3372,-,-,15360
374,-,-,15360
1288,-,-,15369
2370,-,-,15369
583,-,-,15377
3605,-,-,15377
5035,-,-,15383
53,-,-,15393
2224,-,-,15393
2835,-,-,15401
189,-,-,15401
2089,-,-,15412
191,-,-,15424
2298,-,-,15424
3826,-,-,15469
5710,-,-,15479
2577,-,-,15485
5805,-,-,15490
3937,-,-,15492
5251,-,-,15496
992,-,-,15496
1991,-,-,15502
4153,-,-,15502
6038,-,-,15508
1699,-,-,15508
1317,-,-,15508
6023,-,-,15510
297,-,-,15510
3009,-,-,15528
2793,-,-,15529
1516,-,-,15529
6373,-,-,15532
1264,-,-,15534
6275,-,-,15534
147,-,-,15534
5432,-,-,15538
4365,-,-,15540
3410,-,-,15541
6228,-,-,15544
5227,-,-,15547
1689,-,-,15548
663,-,-,15548
3181,-,-,15548
5675,-,-,15550
1570,-,-,15550
5009,-,-,15551
342,-,-,15553
3325,-,-,15553
1655,-,-,15557
2078,-,-,15557
117,-,-,15557
3582,-,-,15561
1485,-,-,15561
4150,-,-,15562
4387,-,-,15563
3495,-,-,15568
1924,-,-,15568
4487,-,-,15569
1239,-,-,15569
4668,-,-,15571
1903,-,-,15571
1278,-,-,15571
4263,-,-,15574
718,-,-,15574
1802,-,-,15574
1934,-,-,15575
1302,-,-,15575
5652,-,-,15575
4883,-,-,15576
1733,-,-,15582
4709,-,-,15582
272,-,-,15583
2467,-,-,15583
1262,-,-,15583
2732,-,-,15584
6037,-,-,15587
5694,-,-,15588
4714,-,-,15593
1558,-,-,15593
259,-,-,15598
2523,-,-,15598
5507,-,-,15602
2893,-,-,15612
555,-,-,15612
49,-,-,15612
2660,-,-,15623
3479,-,-,15636
132,-,-,15636
1025,-,-,15636
3226,-,-,15638
507,-,-,15638
750,-,-,15638
1141,-,-,15640
2223,-,-,15640
4095,-,-,15650
1504,-,-,15660
2294,-,-,15660
3790,-,-,15664
5039,-,-,15669
2380,-,-,15671
570,-,-,15677
279,-,-,15677
5086,-,-,15677
4921,-,-,15678
6280,-,-,15682
5512,-,-,15723
1179,-,-,15734
4066,-,-,15734
4427,-,-,15738
6314,-,-,15745
2694,-,-,15747
5554,-,-,15749
1901,-,-,15754
4712,-,-,15754
5438,-,-,15769
1307,-,-,15769
962,-,-,15788
202,-,-,15788
3441,-,-,15788
2454,-,-,15791
2821,-,-,15807
4117,-,-,15817
1378,-,-,15817
862,-,-,15821
2360,-,-,15821
1405,-,-,15821
3989,-,-,15833
616,-,-,15833
5212,-,-,15838
356,-,-,15838
2891,-,-,15854
1517,-,-,15854
429,-,-,15854
442,-,-,15857
4366,-,-,15857
2929,-,-,15863
4091,-,-,15864
5364,-,-,15867
531,-,-,15867
130,-,-,15867
789,-,-,15873
2812,-,-,15873
932,-,-,15873
3823,-,-,15874
4511,-,-,15878
1216,-,-,15911
3082,-,-,15911
6361,-,-,15915
4303,-,-,15917
22,-,-,15917
553,-,-,15917
391,-,-,15920
1820,-,-,15920
4624,-,-,15920
3474,-,-,15928
4284,-,-,15932
1500,-,-,15938
1043,-,-,15938
4302,-,-,15938
1353,-,-,15940
3039,-,-,15940
4987,-,-,15950
1749,-,-,15950
2407,-,-,15955
156,-,-,15955
317,-,-,15956
2503,-,-,15956
89,-,-,15956
2331,-,-,15958
439,-,-,15958
3473,-,-,15960
1512,-,-,15964
3258,-,-,15964
3136,-,-,15965
6157,-,-,15973
1573,-,-,15973
3497,-,-,15974
2165,-,-,15978
2974,-,-,15985
102,-,-,15989
6396,-,-,15989
4829,-,-,15990
920,-,-,15990
3064,-,-,15992
6300,-,-,15995
3626,-,-,16003
3165,-,-,16013
3435,-,-,16014
4039,-,-,16015
2434,-,-,16017
1292,-,-,16022
4948,-,-,16022
432,-,-,16022
2130,-,-,16041
1232,-,-,16041
6093,-,-,16045
162,-,-,16045
307,-,-,16045
3853,-,-,16051
187,-,-,16051
2717,-,-,16054
2794,-,-,16059
4787,-,-,16060
1832,-,-,16062
3353,-,-,16062
804,-,-,16062
1711,-,-,16063
5509,-,-,16063
5761,-,-,16067
2317,-,-,16069
1811,-,-,16069
3841,-,-,16080
4330,-,-,16085
729,-,-,16085
3722,-,-,16088
4817,-,-,16094
3569,-,-,16095
627,-,-,16124
6394,-,-,16124
2292,-,-,16129
368,-,-,16129
3695,-,-,16131
2850,-,-,16137
2993,-,-,16138
1502,-,-,16138
5898,-,-,16150
1796,-,-,16155
2663,-,-,16155
5533,-,-,16174
4897,-,-,16179
4411,-,-,16227
1557,-,-,16227
1487,-,-,16229
3041,-,-,16229
2390,-,-,16231
480,-,-,16239
1752,-,-,16239
4131,-,-,16239
4580,-,-,16274
4219,-,-,16276
14,-,-,16276
2715,-,-,16281
5,-,-,16281
6183,-,-,16286
1690,-,-,16286
381,-,-,16286
4568,-,-,16288
1255,-,-,16290
2773,-,-,16290
918,-,-,16290
4845,-,-,16293
3739,-,-,16298
4364,-,-,16299
1706,-,-,16299
694,-,-,16301
4022,-,-,16301
2332,-,-,16303
515,-,-,16303
4218,-,-,16306
2675,-,-,16309
1411,-,-,16309
3219,-,-,16311
5054,-,-,16314
719,-,-,16316
5729,-,-,16316
2026,-,-,16319
888,-,-,16319
874,-,-,16319
1973,-,-,16327
5911,-,-,16327
895,-,-,16330
6273,-,-,16330
1067,-,-,16330
5247,-,-,16332
2771,-,-,16333
504,-,-,16333
952,-,-,16333
1463,-,-,16338
2991,-,-,16338
2847,-,-,16340
319,-,-,16352
584,-,-,16352
4536,-,-,16352
289,-,-,16365
3242,-,-,16365
3185,-,-,16368
1928,-,-,16371
5204,-,-,16371
2619,-,-,16377
1810,-,-,16377
5795,-,-,16380
4269,-,-,16385
419,-,-,16390
4674,-,-,16390
149,-,-,16390
4584,-,-,16391
3962,-,-,16393
1648,-,-,16393
1355,-,-,16393
3385,-,-,16395
4886,-,-,16396
3370,-,-,16407
188,-,-,16407
4036,-,-,16408
2168,-,-,16413
4815,-,-,16416
5915,-,-,16418
4212,-,-,16423
5185,-,-,16425
5946,-,-,16427
3166,-,-,16431
3265,-,-,16433
4369,-,-,16438
1308,-,-,16448
2261,-,-,16448
5765,-,-,16457
498,-,-,16464
3088,-,-,16464
5026,-,-,16484
4562,-,-,16488
3183,-,-,16490
5918,-,-,16496
1694,-,-,16496
1422,-,-,16498
3261,-,-,16498
3646,-,-,16499
4220,-,-,16502
4569,-,-,16509
2048,-,-,16511
2126,-,-,16512
3305,-,-,16513
5982,-,-,16518
2185,-,-,16557
1432,-,-,16557
3676,-,-,16559
3944,-,-,16578
926,-,-,16578
4207,-,-,16580
3170,-,-,16586
1342,-,-,16586
5489,-,-,16590
475,-,-,16590
4213,-,-,16597
2678,-,-,16614
1370,-,-,16614
4933,-,-,16616
5776,-,-,16660
4555,-,-,16671
74,-,-,16683
2408,-,-,16683
315,-,-,16699
2674,-,-,16699
514,-,-,16704
4828,-,-,16704
4844,-,-,16708
2792,-,-,16714
736,-,-,16715
2691,-,-,16715
1956,-,-,16719
639,-,-,16719
6227,-,-,16719
3279,-,-,16722
972,-,-,16722
5450,-,-,16723
1079,-,-,16733
3368,-,-,16733
3520,-,-,16735
3204,-,-,16744
6137,-,-,16751
5085,-,-,16752
2716,-,-,16753
320,-,-,16753
3764,-,-,16766
1012,-,-,16766
2051,-,-,16769
1831,-,-,16775
2473,-,-,16775
1821,-,-,16775
3086,-,-,16792
349,-,-,16792
5559,-,-,16793
3128,-,-,16798
5416,-,-,16802
4463,-,-,16806
2451,-,-,16809
1520,-,-,16809
2778,-,-,16811
3586,-,-,16818
1220,-,-,16818
291,-,-,16820
5107,-,-,16820
5387,-,-,16823
4274,-,-,16828
740,-,-,16828
903,-,-,16828
3609,-,-,16836
4312,-,-,16841
3418,-,-,16845
1731,-,-,16845
3483,-,-,16855
847,-,-,16859
919,-,-,16859
2352,-,-,16859
3902,-,-,16863
1015,-,-,16863
1059,-,-,16865
3245,-,-,16865
539,-,-,16876
4389,-,-,16876
1402,-,-,16876
2504,-,-,16886
5883,-,-,16887
5485,-,-,16892
4444,-,-,16893
1321,-,-,16898
2600,-,-,16898
4272,-,-,16906
3191,-,-,16916
6282,-,-,16917
2625,-,-,16931
527,-,-,16981
5688,-,-,16981
172,-,-,16992
4346,-,-,16992
234,-,-,16992
2810,-,-,17000
274,-,-,17000
566,-,-,17000
3240,-,-,17031
3807,-,-,17034
1875,-,-,17035
4867,-,-,17035
5756,-,-,17039
6011,-,-,17040
211,-,-,17040
2733,-,-,17044
4916,-,-,17046
4733,-,-,17052
6296,-,-,17053
1726,-,-,17057
6250,-,-,17057
5591,-,-,17058
2468,-,-,17063
45,-,-,17063
1452,-,-,17063
3430,-,-,17066
3347,-,-,17067
1254,-,-,17067
808,-,-,17067
3201,-,-,17068
440,-,-,17068
4748,-,-,17070
6322,-,-,17077
6108,-,-,17082
938,-,-,17085
3121,-,-,17085
1807,-,-,17091
1624,-,-,17091
5460,-,-,17091
5281,-,-,17092
1793,-,-,17097
2147,-,-,17097
2650,-,-,17101
2920,-,-,17105
6278,-,-,17110
5842,-,-,17115
4005,-,-,17117
1266,-,-,17118
1024,-,-,17118
3648,-,-,17118
2912,-,-,17119
791,-,-,17119
4154,-,-,17120
994,-,-,17121
4112,-,-,17121
3836,-,-,17125
215,-,-,17135
2758,-,-,17135
3521,-,-,17138
5205,-,-,17159
543,-,-,17163
3941,-,-,17163
2544,-,-,17167
1795,-,-,17167
4442,-,-,17186
5344,-,-,17196
542,-,-,17196
2359,-,-,17207
362,-,-,17208
1248,-,-,17208
2171,-,-,17208
3169,-,-,17210
1104,-,-,17210
5812,-,-,17223
1638,-,-,17228
4651,-,-,17228
6304,-,-,17231
4430,-,-,17234
1204,-,-,17241
2875,-,-,17241
5963,-,-,17259
572,-,-,17274
4328,-,-,17274
5634,-,-,17306
1341,-,-,17308
176,-,-,17308
5766,-,-,17308
296,-,-,17335
2415,-,-,17335
3762,-,-,17339
1098,-,-,17339
6,-,-,17341
6110,-,-,17341
5758,-,-,17343
2595,-,-,17346
876,-,-,17346
4965,-,-,17357
1391,-,-,17357
2047,-,-,17364
5941,-,-,17366
415,-,-,17366
931,-,-,17366
5083,-,-,17368
2676,-,-,17370
954,-,-,17370
3538,-,-,17381
6061,-,-,17382
490,-,-,17385
5676,-,-,17385
2889,-,-,17392
3976,-,-,17395
1115,-,-,17395
4408,-,-,17396
4001,-,-,17402
2046,-,-,17408
1904,-,-,17409
6345,-,-,17409
1178,-,-,17410
3666,-,-,17410
2310,-,-,17414
341,-,-,17414
247,-,-,17414
2537,-,-,17416
2808,-,-,17422
1684,-,-,17422
4300,-,-,17423
2654,-,-,17428
1499,-,-,17429
3713,-,-,17429
5801,-,-,17437
5548,-,-,17440
5319,-,-,17443
966,-,-,17443
622,-,-,17443
5313,-,-,17446
2128,-,-,17451
5711,-,-,17455
3599,-,-,17456
5657,-,-,17458
5057,-,-,17459
5168,-,-,17465
2354,-,-,17474
4069,-,-,17479
5282,-,-,17481
186,-,-,17485
5807,-,-,17485
35,-,-,17485
5931,-,-,17486
4850,-,-,17493
2000,-,-,17494
812,-,-,17494
5328,-,-,17494
6187,-,-,17496
2697,-,-,17497
250,-,-,17497
161,-,-,17497
3544,-,-,17498
1505,-,-,17498
5714,-,-,17509
858,-,-,17509
308,-,-,17509
5120,-,-,17510
6207,-,-,17511
814,-,-,17511
4051,-,-,17518
3650,-,-,17526
1961,-,-,17526
87,-,-,17538
3633,-,-,17538
5582,-,-,17557
4054,-,-,17558
5257,-,-,17568
3589,-,-,17577
324,-,-,17577
5888,-,-,17597
2076,-,-,17601
170,-,-,17601
155,-,-,17601
648,-,-,17603
581,-,-,17603
2770,-,-,17603
13,-,-,17604
4216,-,-,17604
96,-,-,17604
4378,-,-,17608
4152,-,-,17622
6068,-,-,17639
3094,-,-,17644
1947,-,-,17648
6351,-,-,17648
5016,-,-,17649
6020,-,-,17656
3286,-,-,17658
522,-,-,17658
184,-,-,17711
119,-,-,17711
2127,-,-,17711
5326,-,-,17718
5992,-,-,17720
3467,-,-,17722
2081,-,-,17723
1983,-,-,17723
3146,-,-,17724
1200,-,-,17724
90,-,-,17724
3787,-,-,17728
867,-,-,17734
3431,-,-,17734
505,-,-,17741
3832,-,-,17741
2538,-,-,17742
1893,-,-,17742
618,-,-,17742
5081,-,-,17744
745,-,-,17744
1645,-,-,17744
6372,-,-,17754
3382,-,-,17760
4000,-,-,17761
5102,-,-,17765
896,-,-,17766
1644,-,-,17766
4128,-,-,17766
4623,-,-,17773
4127,-,-,17778
4915,-,-,17780
6295,-,-,17784
5266,-,-,17786
2065,-,-,17787
3949,-,-,17792
4238,-,-,17794
4599,-,-,17797
1253,-,-,17799
231,-,-,17799
4807,-,-,17799
2592,-,-,17801
178,-,-,17801
4959,-,-,17803
2805,-,-,17804
70,-,-,17805
4911,-,-,17805
4018,-,-,17807
913,-,-,17807
94,-,-,17808
4484,-,-,17808
197,-,-,17808
5845,-,-,17809
1438,-,-,17812
5428,-,-,17812
3096,-,-,17817
4194,-,-,17818
1237,-,-,17818
1484,-,-,17819
3035,-,-,17819
4379,-,-,17823
2757,-,-,17824
6034,-,-,17826
404,-,-,17826
936,-,-,17826
2884,-,-,17830
3607,-,-,17832
5386,-,-,17845
3789,-,-,17848
2183,-,-,17850
1489,-,-,17850
6279,-,-,17852
1245,-,-,17858
3126,-,-,17858
78,-,-,17862
1256,-,-,17862
2853,-,-,17862
3838,-,-,17877
3499,-,-,17881
1445,-,-,17881
5829,-,-,17885
772,-,-,17888
3415,-,-,17888
4716,-,-,17895
467,-,-,17901
2148,-,-,17901
1977,-,-,17904
2242,-,-,17904
2761,-,-,17921
4246,-,-,17933
2037,-,-,17935
5830,-,-,17945
1756,-,-,17945
5784,-,-,17950
6036,-,-,17959
3428,-,-,17961
717,-,-,17964
5550,-,-,17964
198,-,-,17964
1093,-,-,17965
4020,-,-,17965
4107,-,-,17966
1514,-,-,17966
6085,-,-,17967
1113,-,-,17968
1021,-,-,17968
4806,-,-,17968
4081,-,-,17971
990,-,-,17973
4598,-,-,17973
1129,-,-,17975
1195,-,-,17975
2122,-,-,17975
5342,-,-,17978
208,-,-,17978
5693,-,-,17979
1053,-,-,17980
6155,-,-,17980
6230,-,-,17984
1677,-,-,17986
4868,-,-,17986
4490,-,-,17987
2734,-,-,17990
212,-,-,17993
3584,-,-,17993
1727,-,-,17994
4783,-,-,17994
2539,-,-,18000
5631,-,-,18005
702,-,-,18005
4752,-,-,18021
325,-,-,18037
1153,-,-,18037
4228,-,-,18037
6156,-,-,18038
1054,-,-,18058
2146,-,-,18058
2388,-,-,18062
5180,-,-,18065
686,-,-,18069
2890,-,-,18069
6297,-,-,18078
1905,-,-,18078
3977,-,-,18079
1194,-,-,18083
4362,-,-,18083
305,-,-,18086
2237,-,-,18086
1926,-,-,18086
3081,-,-,18090
766,-,-,18090
6153,-,-,18093
1750,-,-,18093
6109,-,-,18100
1941,-,-,18100
4981,-,-,18103
5412,-,-,18106
4643,-,-,18110
1401,-,-,18112
232,-,-,18112
4045,-,-,18112
2533,-,-,18134
6200,-,-,18136
4146,-,-,18138
125,-,-,18145
2464,-,-,18145
1998,-,-,18145
3690,-,-,18146
2372,-,-,18156
1267,-,-,18156
1460,-,-,18157
4320,-,-,18157
2726,-,-,18160
4092,-,-,18163
5733,-,-,18180
3243,-,-,18186
541,-,-,18186
2316,-,-,18190
2777,-,-,18195
956,-,-,18200
6065,-,-,18200
4135,-,-,18208
5916,-,-,18211
5087,-,-,18216
6315,-,-,18218
6267,-,-,18220
2259,-,-,18224
1543,-,-,18224
1729,-,-,18226
4514,-,-,18226
5400,-,-,18231
5890,-,-,18232
4182,-,-,18233
27,-,-,18249
4675,-,-,18249
175,-,-,18249
6142,-,-,18259
794,-,-,18260
16,-,-,18260
3070,-,-,18260
3095,-,-,18267
5073,-,-,18274
2427,-,-,18290
1772,-,-,18290
359,-,-,18290
2968,-,-,18291
2634,-,-,18292
852,-,-,18292
535,-,-,18293
3894,-,-,18293
5960,-,-,18294
127,-,-,18294
4148,-,-,18296
2309,-,-,18297
4425,-,-,18304
1158,-,-,18306
2791,-,-,18306
975,-,-,18315
2637,-,-,18315
1077,-,-,18320
3123,-,-,18320
3466,-,-,18322
5355,-,-,18331
5980,-,-,18333
4587,-,-,18334
4887,-,-,18336
4258,-,-,18337
4516,-,-,18341
1338,-,-,18341
544,-,-,18343
3500,-,-,18343
3501,-,-,18347
1168,-,-,18347
1030,-,-,18376
3852,-,-,18376
2892,-,-,18385
1455,-,-,18385
2011,-,-,18385
2948,-,-,18388
711,-,-,18391
4713,-,-,18391
4944,-,-,18392
3184,-,-,18393
1117,-,-,18393
5056,-,-,18394
4439,-,-,18396
3452,-,-,18404
1707,-,-,18404
3053,-,-,18409
6218,-,-,18419
893,-,-,18422
2024,-,-,18422
1,-,-,18422
4384,-,-,18423
534,-,-,18423
116,-,-,18423
1214,-,-,18425
735,-,-,18425
4299,-,-,18425
3162,-,-,18426
5165,-,-,18427
5909,-,-,18431
3803,-,-,18433
1328,-,-,18433
4475,-,-,18434
5407,-,-,18435
144,-,-,18435
179,-,-,18435
4085,-,-,18436
1365,-,-,18436
358,-,-,18436
2447,-,-,18438
126,-,-,18438
1350,-,-,18439
6151,-,-,18439
2886,-,-,18440
1653,-,-,18440
270,-,-,18440
3912,-,-,18442
2308,-,-,18444
2754,-,-,18451
1957,-,-,18451
6202,-,-,18454
6312,-,-,18462
5298,-,-,18466
1368,-,-,18466
5754,-,-,18471
1325,-,-,18480
743,-,-,18480
6131,-,-,18480
4659,-,-,18483
536,-,-,18489
2635,-,-,18489
3830,-,-,18492
5178,-,-,18495
1871,-,-,18497
5649,-,-,18497
5006,-,-,18499
2232,-,-,18501
4550,-,-,18511
1889,-,-,18511
6368,-,-,18512
1209,-,-,18512
1048,-,-,18512
3277,-,-,18514
1652,-,-,18515
2790,-,-,18515
5541,-,-,18533
5853,-,-,18534
3264,-,-,18549
4993,-,-,18550
793,-,-,18553
2106,-,-,18553
6205,-,-,18557
4493,-,-,18564
1306,-,-,18567
5734,-,-,18567
2268,-,-,18568
4717,-,-,18571
322,-,-,18571
455,-,-,18571
3813,-,-,18579
2699,-,-,18589
5736,-,-,18592
4479,-,-,18593
3720,-,-,18594
2279,-,-,18599
2435,-,-,18607
5154,-,-,18610
1992,-,-,18611
4349,-,-,18611
1596,-,-,18611
4925,-,-,18625
2070,-,-,18636
3732,-,-,18645
1364,-,-,18647
1247,-,-,18647
6283,-,-,18647
5390,-,-,18658
3998,-,-,18663
4827,-,-,18666
314,-,-,18666
3536,-,-,18670
2234,-,-,18679
1670,-,-,18679
1790,-,-,18679
3558,-,-,18683
1026,-,-,18683
33,-,-,18683
1369,-,-,18685
1068,-,-,18685
2313,-,-,18685
3083,-,-,18691
1390,-,-,18691
5128,-,-,18698
6208,-,-,18717
1506,-,-,18717
2874,-,-,18719
1522,-,-,18719
3904,-,-,18735
1948,-,-,18735
5612,-,-,18739
628,-,-,18749
3669,-,-,18749
3306,-,-,18753
5555,-,-,18756
1414,-,-,18764
3540,-,-,18764
4982,-,-,18765
6326,-,-,18767
3604,-,-,18771
5201,-,-,18775
4199,-,-,18778
1116,-,-,18778
2430,-,-,18780
974,-,-,18780
118,-,-,18780
2346,-,-,18795
914,-,-,18797
4529,-,-,18797
331,-,-,18797
3057,-,-,18799
3684,-,-,18803
5846,-,-,18810
1597,-,-,18810
1723,-,-,18814
5726,-,-,18814
3557,-,-,18817
1669,-,-,18817
3259,-,-,18821
650,-,-,18822
6010,-,-,18822
2648,-,-,18823
5024,-,-,18825
5080,-,-,18827
5179,-,-,18828
3914,-,-,18846
588,-,-,18849
5008,-,-,18849
4689,-,-,18854
1630,-,-,18854
2422,-,-,18856
3324,-,-,18857
2218,-,-,18859
5051,-,-,18861
3556,-,-,18866
5357,-,-,18868
667,-,-,18870
2827,-,-,18870
6246,-,-,18871
1902,-,-,18871
3871,-,-,18879
5152,-,-,18891
5605,-,-,18894
1404,-,-,18894
4169,-,-,18895
4111,-,-,18896
5780,-,-,18899
610,-,-,18904
3283,-,-,18904
5945,-,-,18906
2931,-,-,18907
2814,-,-,18909
105,-,-,18927
4156,-,-,18927
3746,-,-,18929
4071,-,-,18934
594,-,-,18934
2463,-,-,18936
4155,-,-,18945
321,-,-,18945
5681,-,-,18947
3329,-,-,18950
1863,-,-,18950
2854,-,-,18952
4899,-,-,18963
1913,-,-,18966
5306,-,-,18966
4467,-,-,18973
5858,-,-,18983
3943,-,-,18990
6219,-,-,18999
4288,-,-,19001
4577,-,-,19004
1629,-,-,19004
4688,-,-,19008
5265,-,-,19009
4126,-,-,19012
5839,-,-,19015
2501,-,-,19017
1890,-,-,19018
4730,-,-,19018
5397,-,-,19020
5359,-,-,19021
4708,-,-,19024
6040,-,-,19027
3552,-,-,19041
3145,-,-,19042
62,-,-,19042
1691,-,-,19042
5055,-,-,19045
2256,-,-,19046
1556,-,-,19046
3651,-,-,19052
3983,-,-,19054
6018,-,-,19056
3610,-,-,19059
1269,-,-,19068
5782,-,-,19068
2035,-,-,19070
1243,-,-,19079
5481,-,-,19079
4602,-,-,19082
1217,-,-,19090
4784,-,-,19090
2239,-,-,19092
1078,-,-,19092
63,-,-,19092
1738,-,-,19095
5010,-,-,19095
3101,-,-,19097
1241,-,-,19101
3202,-,-,19101
1135,-,-,19104
5602,-,-,19104
34,-,-,19104
5324,-,-,19108
1109,-,-,19108
5643,-,-,19111
2267,-,-,19117
5823,-,-,19118
1785,-,-,19123
915,-,-,19123
3179,-,-,19123
806,-,-,19125
2908,-,-,19125
3636,-,-,19127
4294,-,-,19133
2006,-,-,19134
1451,-,-,19134
2967,-,-,19134
5887,-,-,19135
6201,-,-,19142
589,-,-,19151
2594,-,-,19151
4554,-,-,19154
5653,-,-,19155
3409,-,-,19159
973,-,-,19159
2636,-,-,19165
939,-,-,19165
5927,-,-,19178
5502,-,-,19179
2557,-,-,19180
3387,-,-,19181
2922,-,-,19187
3214,-,-,19194
2307,-,-,19196
3757,-,-,19197
1673,-,-,19197
2074,-,-,19199
5098,-,-,19201
1072,-,-,19201
4084,-,-,19204
741,-,-,19204
2433,-,-,19207
6171,-,-,19214
2963,-,-,19217
4945,-,-,19220
4222,-,-,19226
5577,-,-,19228
5895,-,-,19229
4813,-,-,19233
1976,-,-,19236
3811,-,-,19236
4307,-,-,19240
4934,-,-,19244
1634,-,-,19250
4223,-,-,19250
2682,-,-,19263
6378,-,-,19278
1895,-,-,19279
6016,-,-,19279
4494,-,-,19280
6397,-,-,19282
1268,-,-,19282
2033,-,-,19294
816,-,-,19301
5332,-,-,19301
121,-,-,19301
5111,-,-,19305
5633,-,-,19312
54,-,-,19332
4029,-,-,19332
5938,-,-,19341
412,-,-,19342
2217,-,-,19342
3772,-,-,19346
2572,-,-,19354
3934,-,-,19355
438,-,-,19356
3080,-,-,19356
303,-,-,19357
765,-,-,19357
3301,-,-,19357
2767,-,-,19371
3221,-,-,19375
1345,-,-,19379
5229,-,-,19379
4872,-,-,19387
2054,-,-,19389
4789,-,-,19395
3103,-,-,19412
1632,-,-,19412
4918,-,-,19413
5871,-,-,19418
345,-,-,19418
3517,-,-,19428
760,-,-,19428
2971,-,-,19430
1625,-,-,19430
1763,-,-,19430
4476,-,-,19435
2125,-,-,19440
1388,-,-,19441
2097,-,-,19441
3828,-,-,19442
313,-,-,19446
32,-,-,19446
5986,-,-,19446
1007,-,-,19449
2689,-,-,19449
1089,-,-,19449
3993,-,-,19452
3,-,-,19456
4406,-,-,19456
6074,-,-,19460
4458,-,-,19465
2161,-,-,19469
1774,-,-,19473
3623,-,-,19473
2236,-,-,19477
1197,-,-,19479
5601,-,-,19479
478,-,-,19479
626,-,-,19481
2992,-,-,19481
4780,-,-,19484
390,-,-,19495
3366,-,-,19495
1861,-,-,19497
5939,-,-,19497
1675,-,-,19498
6344,-,-,19498
2157,-,-,19502
73,-,-,19504
2143,-,-,19504
1922,-,-,19506
5820,-,-,19506
4525,-,-,19507
6247,-,-,19508
1872,-,-,19508
3299,-,-,19509
5144,-,-,19511
5023,-,-,19513
4260,-,-,19518
1362,-,-,19518
1938,-,-,19518
338,-,-,19520
846,-,-,19520
2885,-,-,19520
2570,-,-,19523
3640,-,-,19525
6327,-,-,19528
2391,-,-,19530
1444,-,-,19532
3454,-,-,19532
4512,-,-,19539
5527,-,-,19547
371,-,-,19550
2598,-,-,19550
1165,-,-,19552
4786,-,-,19552
4604,-,-,19553
3649,-,-,19556
5169,-,-,19560
6363,-,-,19561
2032,-,-,19568
494,-,-,19568
3369,-,-,19572
1469,-,-,19572
2068,-,-,19593
655,-,-,19599
6350,-,-,19599
5302,-,-,19603
2014,-,-,19603
6113,-,-,19617
2580,-,-,19624
5632,-,-,19628
4205,-,-,19631
2818,-,-,19645
1529,-,-,19647
5408,-,-,19647
1535,-,-,19647
5882,-,-,19649
3408,-,-,19652
1315,-,-,19652
2123,-,-,19656
3345,-,-,19658
1554,-,-,19658
6169,-,-,19660
3175,-,-,19661
4323,-,-,19671
696,-,-,19671
1229,-,-,19672
2576,-,-,19672
1486,-,-,19672
2775,-,-,19675
491,-,-,19679
3327,-,-,19679
287,-,-,19683
6089,-,-,19683
1454,-,-,19683
2658,-,-,19684
5279,-,-,19694
3453,-,-,19696
567,-,-,19696
1876,-,-,19701
3282,-,-,19701
430,-,-,19703
1265,-,-,19703
5852,-,-,19703
6090,-,-,19704
3433,-,-,19719
225,-,-,19719
722,-,-,19719
3391,-,-,19721
1900,-,-,19725
6088,-,-,19725
5525,-,-,19729
1571,-,-,19729
4617,-,-,19730
3583,-,-,19734
1076,-,-,19734
4809,-,-,19743
4890,-,-,19745
5937,-,-,19749
3140,-,-,19750
6293,-,-,19752
716,-,-,19753
3872,-,-,19753
5774,-,-,19762
1534,-,-,19762
1480,-,-,19764
971,-,-,19764
4173,-,-,19764
4125,-,-,19765
21,-,-,19771
2714,-,-,19771
5849,-,-,19772
4781,-,-,19774
606,-,-,19774
3100,-,-,19780
5361,-,-,19782
2144,-,-,19784
1791,-,-,19784
4255,-,-,19785
786,-,-,19792
866,-,-,19792
3831,-,-,19792
488,-,-,19797
5380,-,-,19797
831,-,-,19798
1643,-,-,19798
4531,-,-,19798
5848,-,-,19799
2008,-,-,19803
2182,-,-,19803
5674,-,-,19806
4690,-,-,19809
1892,-,-,19809
5524,-,-,19810
2197,-,-,19811
1228,-,-,19813
5226,-,-,19813
4706,-,-,19816
1092,-,-,19816
245,-,-,19816
2907,-,-,19822
1260,-,-,19822
6292,-,-,19823
1066,-,-,19830
1513,-,-,19830
2158,-,-,19830
5930,-,-,19834
5936,-,-,19836
2832,-,-,19838
1218,-,-,19838
3994,-,-,19846
698,-,-,19847
3164,-,-,19847
5965,-,-,19858
6233,-,-,19870
235,-,-,19870
5966,-,-,19871
6255,-,-,19883
1373,-,-,19883
5284,-,-,19889
3044,-,-,19894
5510,-,-,19903
4766,-,-,19912
5436,-,-,19916
6139,-,-,19926
1741,-,-,19928
3765,-,-,19928
5459,-,-,19937
5621,-,-,19938
72,-,-,19938
6217,-,-,19941
2067,-,-,19942
5430,-,-,19949
1870,-,-,19953
5501,-,-,19953
3685,-,-,19958
1097,-,-,19961
4023,-,-,19961
590,-,-,19973
4240,-,-,19973
4438,-,-,19975
1700,-,-,19975
4990,-,-,19978
5463,-,-,19982
2911,-,-,19985
810,-,-,19985
6375,-,-,19993
1936,-,-,19993
4672,-,-,19994
1719,-,-,19994
1678,-,-,19994
4582,-,-,20010
3776,-,-,20015
61,-,-,20016
5708,-,-,20016
343,-,-,20016
3958,-,-,20017
3061,-,-,20018
4989,-,-,20019
4038,-,-,20024
6324,-,-,20030
4551,-,-,20034
5492,-,-,20036
3014,-,-,20037
4666,-,-,20044
1426,-,-,20052
4063,-,-,20052
273,-,-,20056
2502,-,-,20056
286,-,-,20056
1028,-,-,20060
3451,-,-,20060
210,-,-,20062
3806,-,-,20062
6274,-,-,20066
1989,-,-,20075
4065,-,-,20075
5101,-,-,20078
3515,-,-,20079
930,-,-,20080
3099,-,-,20080
1410,-,-,20080
4343,-,-,20085
2255,-,-,20089
853,-,-,20089
3038,-,-,20092
565,-,-,20092
4301,-,-,20097
3346,-,-,20098
1027,-,-,20098
1022,-,-,20098
1382,-,-,20105
2966,-,-,20105
1552,-,-,20105
6341,-,-,20106
3865,-,-,20108
5478,-,-,20114
1349,-,-,20118
2632,-,-,20118
4941,-,-,20120
4665,-,-,20121
2371,-,-,20136
1488,-,-,20136
131,-,-,20138
2410,-,-,20138
5884,-,-,20144
2776,-,-,20148
3148,-,-,20151
5038,-,-,20157
5366,-,-,20160
4967,-,-,20163
1372,-,-,20163
4478,-,-,20170
3608,-,-,20172
26,-,-,20172
174,-,-,20172
4628,-,-,20174
2976,-,-,20176
2373,-,-,20178
1416,-,-,20178
3950,-,-,20181
5735,-,-,20188
3187,-,-,20190
4891,-,-,20199
3712,-,-,20207
1215,-,-,20207
5052,-,-,20213
3257,-,-,20215
3877,-,-,20219
5709,-,-,20220
5150,-,-,20227
788,-,-,20231
2145,-,-,20231
1279,-,-,20235
1739,-,-,20235
4266,-,-,20235
1751,-,-,20238
4601,-,-,20238
3687,-,-,20242
5732,-,-,20248
5167,-,-,20249
4047,-,-,20251
5280,-,-,20260
4168,-,-,20262
1210,-,-,20268
4437,-,-,20268
2615,-,-,20270
1829,-,-,20272
3851,-,-,20272
46,-,-,20276
3326,-,-,20276
3667,-,-,20282
1161,-,-,20282
5077,-,-,20295
3954,-,-,20299
6125,-,-,20302
2302,-,-,20303
2751,-,-,20306
207,-,-,20306
4236,-,-,20312
744,-,-,20315
6392,-,-,20315
4669,-,-,20320
3935,-,-,20322
1286,-,-,20322
2926,-,-,20324
6087,-,-,20326
462,-,-,20329
2655,-,-,20329
801,-,-,20329
2919,-,-,20331
1600,-,-,20338
6182,-,-,20338
3805,-,-,20341
1316,-,-,20341
3881,-,-,20347
5276,-,-,20348
5147,-,-,20351
2348,-,-,20359
2098,-,-,20360
1008,-,-,20360
5521,-,-,20367
2728,-,-,20368
3827,-,-,20370
115,-,-,20370
647,-,-,20370
2120,-,-,20371
3013,-,-,20372
5908,-,-,20377
6263,-,-,20378
3996,-,-,20380
6270,-,-,20381
5117,-,-,20383
4325,-,-,20384
77,-,-,20384
898,-,-,20391
6111,-,-,20391
4557,-,-,20393
3468,-,-,20406
3393,-,-,20428
3238,-,-,20434
1972,-,-,20434
1697,-,-,20436
5651,-,-,20436
4642,-,-,20439
1988,-,-,20439
4882,-,-,20441
3449,-,-,20442
285,-,-,20442
4262,-,-,20444
2195,-,-,20446
4,-,-,20446
1933,-,-,20446
5100,-,-,20447
2027,-,-,20449
5800,-,-,20450
1569,-,-,20450
3622,-,-,20451
43,-,-,20452
2254,-,-,20452
1329,-,-,20453
3278,-,-,20453
607,-,-,20455
2220,-,-,20455
5104,-,-,20458
4749,-,-,20466
5942,-,-,20470
517,-,-,20471
2831,-,-,20471
4943,-,-,20475
492,-,-,20481
4201,-,-,20481
1289,-,-,20494
306,-,-,20494
4003,-,-,20494
1096,-,-,20509
3715,-,-,20509
2927,-,-,20521
2534,-,-,20522
3642,-,-,20525
6039,-,-,20526
4597,-,-,20528
3785,-,-,20529
5145,-,-,20531
1112,-,-,20531
4106,-,-,20537
3300,-,-,20539
3493,-,-,20543
1826,-,-,20543
5479,-,-,20545
3957,-,-,20552
537,-,-,20556
2448,-,-,20556
60,-,-,20565
4532,-,-,20565
1051,-,-,20565
3388,-,-,20567
1718,-,-,20567
2045,-,-,20580
5988,-,-,20584
6007,-,-,20593
4757,-,-,20595
1970,-,-,20597
5958,-,-,20597
3911,-,-,20599
2494,-,-,20607
3455,-,-,20609
699,-,-,20609
2647,-,-,20611
5203,-,-,20615
1862,-,-,20615
4526,-,-,20620
6248,-,-,20633
5146,-,-,20637
5753,-,-,20639
3323,-,-,20640
1351,-,-,20640
6294,-,-,20643
6272,-,-,20645
4174,-,-,20646
5225,-,-,20649
246,-,-,20649
1585,-,-,20649
4335,-,-,20652
5119,-,-,20654
3349,-,-,20655
249,-,-,20655
1242,-,-,20655
3959,-,-,20657
224,-,-,20659
5655,-,-,20659
23,-,-,20659
4711,-,-,20666
6276,-,-,20668
1588,-,-,20668
6013,-,-,20677
5943,-,-,20678
5105,-,-,20683
5129,-,-,20684
5576,-,-,20689
2200,-,-,20693
5553,-,-,20706
1428,-,-,20706
6405,-,-,20707
5462,-,-,20712
4459,-,-,20714
256,-,-,20714
3407,-,-,20722
1736,-,-,20722
3927,-,-,20723
1284,-,-,20725
4455,-,-,20725
4507,-,-,20726
411,-,-,20726
2918,-,-,20727
2421,-,-,20736
3775,-,-,20745
6028,-,-,20752
5079,-,-,20754
3738,-,-,20755
1536,-,-,20755
5322,-,-,20768
4339,-,-,20774
5223,-,-,20778
410,-,-,20781
2405,-,-,20781
5245,-,-,20783
828,-,-,20783
5406,-,-,20784
1111,-,-,20785
5029,-,-,20785
5197,-,-,20787
5164,-,-,20791
2556,-,-,20792
2612,-,-,20799
3729,-,-,20800
3098,-,-,20802
3821,-,-,20807
1598,-,-,20809
3494,-,-,20809
5224,-,-,20810
6343,-,-,20811
4042,-,-,20812
3595,-,-,20822
4410,-,-,20827
651,-,-,20827
3553,-,-,20834
5841,-,-,20847
3730,-,-,20849
2695,-,-,20857
2496,-,-,20858
4670,-,-,20859
4151,-,-,20861
3740,-,-,20864
5217,-,-,20873
2194,-,-,20878
1301,-,-,20882
4805,-,-,20882
984,-,-,20882
783,-,-,20883
5650,-,-,20883
1594,-,-,20883
4019,-,-,20886
512,-,-,20886
3909,-,-,20887
6179,-,-,20888
5447,-,-,20889
5522,-,-,20892
5821,-,-,20893
1748,-,-,20895
3322,-,-,20895
1939,-,-,20896
6035,-,-,20896
2711,-,-,20897
1133,-,-,20897
5246,-,-,20901
1439,-,-,20901
2830,-,-,20904
2009,-,-,20904
4881,-,-,20906
5707,-,-,20909
1383,-,-,20909
3280,-,-,20915
316,-,-,20915
3603,-,-,20918
2349,-,-,20919
649,-,-,20925
2713,-,-,20925
2573,-,-,20930
4363,-,-,20931
2731,-,-,20939
1177,-,-,20939
5122,-,-,20946
5703,-,-,20947
4841,-,-,20948
3078,-,-,20956
691,-,-,20956
436,-,-,20957
5570,-,-,20957
4804,-,-,20960
4657,-,-,20962
511,-,-,20964
3893,-,-,20964
3735,-,-,20965
5523,-,-,20968
710,-,-,20971
894,-,-,20971
4621,-,-,20971
3058,-,-,20974
145,-,-,20974
587,-,-,20974
5493,-,-,20978
2181,-,-,20985
784,-,-,20985
5082,-,-,20992
3897,-,-,20999
4917,-,-,21002
6184,-,-,21006
6134,-,-,21008
3496,-,-,21012
1442,-,-,21013
5383,-,-,21013
3741,-,-,21014
2191,-,-,21018
506,-,-,21020
3742,-,-,21020
518,-,-,21020
4286,-,-,21023
1539,-,-,21023
2330,-,-,21066
742,-,-,21066
3471,-,-,21068
2961,-,-,21071
5867,-,-,21080
254,-,-,21080
623,-,-,21087
2867,-,-,21087
2369,-,-,21090
182,-,-,21090
2809,-,-,21098
2692,-,-,21103
4962,-,-,21109
1075,-,-,21109
5267,-,-,21110
2558,-,-,21112
953,-,-,21112
5360,-,-,21116
4731,-,-,21117
1196,-,-,21124
3200,-,-,21124
2946,-,-,21127
2272,-,-,21129
533,-,-,21136
4062,-,-,21136
3492,-,-,21139
5457,-,-,21140
5619,-,-,21143
3384,-,-,21153
2025,-,-,21159
6180,-,-,21162
624,-,-,21165
3120,-,-,21165
4486,-,-,21166
5673,-,-,21168
230,-,-,21168
2653,-,-,21173
1436,-,-,21176
4385,-,-,21176
2532,-,-,21179
3777,-,-,21181
6325,-,-,21183
1313,-,-,21183
1708,-,-,21183
721,-,-,21188
4002,-,-,21188
687,-,-,21188
5870,-,-,21200
809,-,-,21200
200,-,-,21212
464,-,-,21212
3020,-,-,21212
1830,-,-,21214
3241,-,-,21214
5495,-,-,21222
2973,-,-,21225
5411,-,-,21234
248,-,-,21234
787,-,-,21234
6265,-,-,21242
4215,-,-,21245
4960,-,-,21248
1073,-,-,21248
3097,-,-,21250
1042,-,-,21250
284,-,-,21250
3866,-,-,21259
2673,-,-,21260
1955,-,-,21260
604,-,-,21266
2633,-,-,21266
3736,-,-,21268
5704,-,-,21271
2303,-,-,21281
5314,-,-,21282
4892,-,-,21290
2428,-,-,21291
4217,-,-,21292
4149,-,-,21296
693,-,-,21296
1891,-,-,21302
6009,-,-,21302
1555,-,-,21309
4197,-,-,21309
4383,-,-,21310
2179,-,-,21315
206,-,-,21315
6056,-,-,21316
3534,-,-,21317
970,-,-,21317
2768,-,-,21322
3578,-,-,21325
1407,-,-,21325
154,-,-,21326
4298,-,-,21326
143,-,-,21326
4405,-,-,21328
1705,-,-,21328
3255,-,-,21329
5727,-,-,21333
1724,-,-,21333
5275,-,-,21336
3601,-,-,21338
271,-,-,21346
564,-,-,21346
5031,-,-,21346
4658,-,-,21351
4986,-,-,21352
2868,-,-,21356
5987,-,-,21359
4964,-,-,21364
2972,-,-,21369
4671,-,-,21375
1333,-,-,21379
3716,-,-,21379
258,-,-,21385
5626,-,-,21385
4477,-,-,21389
3561,-,-,21418
5793,-,-,21422
2970,-,-,21424
1856,-,-,21424
1614,-,-,21425
6203,-,-,21425
897,-,-,21428
5278,-,-,21428
1020,-,-,21433
1461,-,-,21433
2384,-,-,21433
2216,-,-,21435
668,-,-,21435
3448,-,-,21444
1157,-,-,21444
1435,-,-,21448
1613,-,-,21448
6129,-,-,21448
6369,-,-,21454
3295,-,-,21456
3644,-,-,21457
6132,-,-,21460
414,-,-,21460
582,-,-,21460
4239,-,-,21466
4509,-,-,21469
5126,-,-,21470
5069,-,-,21474
5494,-,-,21483
1827,-,-,21485
5775,-,-,21485
5125,-,-,21487
4254,-,-,21488
830,-,-,21491
2500,-,-,21491
1654,-,-,21494
5199,-,-,21494
3139,-,-,21496
5446,-,-,21498
5295,-,-,21513
1300,-,-,21513
1149,-,-,21516
1722,-,-,21516
3215,-,-,21516
1737,-,-,21522
3037,-,-,21522
3913,-,-,21524
513,-,-,21528
6058,-,-,21528
3472,-,-,21534
340,-,-,21539
4552,-,-,21539
416,-,-,21543
3411,-,-,21543
5218,-,-,21548
5575,-,-,21549
2657,-,-,21553
5794,-,-,21557
3917,-,-,21562
2351,-,-,21564
5506,-,-,21565
4535,-,-,21569
942,-,-,21574
5778,-,-,21574
6076,-,-,21578
2596,-,-,21582
5315,-,-,21598
3304,-,-,21604
3876,-,-,21605
3093,-,-,21612
4265,-,-,21617
2989,-,-,21618
486,-,-,21618
3256,-,-,21620
3036,-,-,21628
4108,-,-,21636
1848,-,-,21636
1464,-,-,21641
4808,-,-,21641
552,-,-,21641
4426,-,-,21644
5148,-,-,21648
3386,-,-,21651
4043,-,-,21653
2387,-,-,21655
4865,-,-,21656
3559,-,-,21660
3665,-,-,21661
413,-,-,21661
2766,-,-,21663
4175,-,-,21665
3429,-,-,21669
3302,-,-,21670
1330,-,-,21674
6152,-,-,21674
6083,-,-,21681
6224,-,-,21685
4454,-,-,21687
1132,-,-,21687
2988,-,-,21689
17,-,-,21689
2044,-,-,21690
5751,-,-,21692
4826,-,-,21694
41,-,-,21694
605,-,-,21705
3804,-,-,21705
4864,-,-,21710
5118,-,-,21711
5705,-,-,21713
3761,-,-,21733
2010,-,-,21733
2389,-,-,21736
3668,-,-,21745
568,-,-,21753
5893,-,-,21753
5219,-,-,21764
2649,-,-,21775
1849,-,-,21776
1842,-,-,21776
5850,-,-,21776
4644,-,-,21777
720,-,-,21777
463,-,-,21784
4109,-,-,21784
3144,-,-,21788
5354,-,-,21790
6313,-,-,21794
5034,-,-,21795
3867,-,-,21796
5979,-,-,21798
1497,-,-,21799
2406,-,-,21799
989,-,-,21805
4641,-,-,21805
3079,-,-,21811
3579,-,-,21812
872,-,-,21812
3092,-,-,21815
2426,-,-,21817
4264,-,-,21826
5978,-,-,21836
5912,-,-,21837
5409,-,-,21844
1050,-,-,21846
2368,-,-,21846
4940,-,-,21847
2461,-,-,21854
4386,-,-,21859
181,-,-,21863
4553,-,-,21863
2753,-,-,21864
1586,-,-,21864
5671,-,-,21872
1735,-,-,21872
586,-,-,21878
2329,-,-,21878
6105,-,-,21882
1088,-,-,21885
603,-,-,21885
3470,-,-,21885
6319,-,-,21888
1409,-,-,21889
2712,-,-,21889
1227,-,-,21893
1612,-,-,21893
5985,-,-,21893
4913,-,-,21895
3829,-,-,21902
1298,-,-,21902
364,-,-,21902
5868,-,-,21903
461,-,-,21903
2846,-,-,21905
6390,-,-,21907
255,-,-,21907
6321,-,-,21911
3102,-,-,21916
1935,-,-,21916
6075,-,-,21921
3348,-,-,21930
2962,-,-,21938
4282,-,-,21948
42,-,-,21948
5598,-,-,21952
1553,-,-,21952
709,-,-,21952
4687,-,-,21956
1175,-,-,21959
1548,-,-,21959
2571,-,-,21959
2729,-,-,21960
1789,-,-,21966
5099,-,-,21966
2845,-,-,21967
799,-,-,21967
18,-,-,21967
3560,-,-,21972
4710,-,-,21974
1331,-,-,21976
5573,-,-,21976
2099,-,-,21987
1263,-,-,21987
6059,-,-,21989
3142,-,-,21996
1725,-,-,21999
4914,-,-,21999
1440,-,-,22007
3895,-,-,22007
4342,-,-,22008
2160,-,-,22010
2420,-,-,22020
3780,-,-,22021
2498,-,-,22022
5641,-,-,22023
4124,-,-,22027
871,-,-,22028
2023,-,-,22028
3365,-,-,22029
1825,-,-,22029
5274,-,-,22038
1971,-,-,22038
5572,-,-,22040
3782,-,-,22054
3975,-,-,22058
1427,-,-,22058
3281,-,-,22061
3476,-,-,22065
3760,-,-,22072
5433,-,-,22079
2080,-,-,22080
4884,-,-,22090
4177,-,-,22092
3182,-,-,22093
1501,-,-,22100
5962,-,-,22100
4707,-,-,22105
5296,-,-,22107
2611,-,-,22113
6008,-,-,22119
3759,-,-,22128
489,-,-,22128
3509,-,-,22135
4082,-,-,22136
2429,-,-,22141
4040,-,-,22146
5725,-,-,22147
892,-,-,22149
3161,-,-,22149
2651,-,-,22153
1400,-,-,22153
3343,-,-,22154
2269,-,-,22155
2383,-,-,22156
4456,-,-,22164
669,-,-,22164
3641,-,-,22168
3737,-,-,22169
6107,-,-,22174
5910,-,-,22175
5926,-,-,22182
6012,-,-,22185
1568,-,-,22190
4147,-,-,22190
6057,-,-,22191
3427,-,-,22199
6106,-,-,22203
5381,-,-,22209
4431,-,-,22211
1828,-,-,22212
2219,-,-,22212
5940,-,-,22214
5552,-,-,22215
3016,-,-,22217
5200,-,-,22218
1160,-,-,22218
1156,-,-,22231
4728,-,-,22231
929,-,-,22233
4619,-,-,22233
1314,-,-,22233
5692,-,-,22241
4528,-,-,22242
1770,-,-,22243
2710,-,-,22243
5977,-,-,22244
782,-,-,22245
4361,-,-,22245
4508,-,-,22247
5177,-,-,22249
389,-,-,22250
4322,-,-,22250
3873,-,-,22257
5132,-,-,22259
5549,-,-,22270
3119,-,-,22272
2690,-,-,22275
5838,-,-,22277
4863,-,-,22291
4779,-,-,22296
5773,-,-,22297
5791,-,-,22300
1174,-,-,22301
5379,-,-,22301
4937,-,-,22310
5752,-,-,22319
1847,-,-,22319
1806,-,-,22330
3662,-,-,22330
2688,-,-,22336
6128,-,-,22339
2555,-,-,22341
459,-,-,22341
5925,-,-,22342
1859,-,-,22346
2142,-,-,22346
5886,-,-,22356
6150,-,-,22364
3774,-,-,22366
3689,-,-,22372
4123,-,-,22403
4613,-,-,22412
88,-,-,22412
2824,-,-,22423
3681,-,-,22434
2300,-,-,22460
968,-,-,22480
5338,-,-,22480
6072,-,-,22484
6166,-,-,22535
6338,-,-,22554
3445,-,-,22566
4358,-,-,22569
5115,-,-,22571
5162,-,-,22572
4059,-,-,22619
3947,-,-,22663
2251,-,-,22722
5744,-,-,22738
3846,-,-,22746
690,-,-,22746
6387,-,-,22751
4910,-,-,22762
4725,-,-,22827
5518,-,-,22855
3680,-,-,22888
3990,-,-,22926
5376,-,-,23006
4684,-,-,23071
2590,-,-,23073
4956,-,-,23094
3274,-,-,23170
715,-,-,23170
2881,-,-,23179
2750,-,-,23251
1006,-,-,23251
6214,-,-,23259
5923,-,-,23280
5096,-,-,23437
3275,-,-,23459
1533,-,-,23459
6244,-,-,23463
2607,-,-,23484
4423,-,-,23486
1236,-,-,23490
2328,-,-,23490
4016,-,-,23491
5616,-,-,23587
1005,-,-,23650
6388,-,-,23650
5905,-,-,23763
5293,-,-,23785
6359,-,-,23801
2119,-,-,23923
6290,-,-,23968
727,-,-,23978
2105,-,-,23978
5639,-,-,24002
6054,-,-,24020
3891,-,-,24023
1888,-,-,24023
4879,-,-,24063
3619,-,-,24069
6243,-,-,24076
4685,-,-,24091
827,-,-,24091
3442,-,-,24147
2530,-,-,24174
5292,-,-,24244
4595,-,-,24246
3754,-,-,24291
5311,-,-,24298
5262,-,-,24316
1784,-,-,24320
2863,-,-,24320
3555,-,-,24322
4574,-,-,24334
4549,-,-,24401
6197,-,-,24415
2404,-,-,24522
3930,-,-,24560
2093,-,-,24567
3890,-,-,24642
2826,-,-,24748
1348,-,-,24748
5242,-,-,24764
441,-,-,24792
2409,-,-,24792
3734,-,-,24824
4824,-,-,24840
3508,-,-,24895
5194,-,-,24913
1424,-,-,24939
2987,-,-,24939
3212,-,-,24987
4017,-,-,25178
4259,-,-,25214
4103,-,-,25226
4078,-,-,25299
617,-,-,25299
3531,-,-,25301
5426,-,-,25312
2883,-,-,25342
2865,-,-,25411
1019,-,-,25435
4209,-,-,25435
6025,-,-,25484
3532,-,-,25514
2265,-,-,25522
621,-,-,25529
2214,-,-,25529
2042,-,-,25548
5955,-,-,25596
4979,-,-,25646
5975,-,-,25743
3863,-,-,25762
2022,-,-,25762
2765,-,-,25838
1376,-,-,25891
4608,-,-,25891
2748,-,-,25948
503,-,-,25995
3250,-,-,25995
3710,-,-,26036
3728,-,-,26106
2340,-,-,26176
528,-,-,26176
3931,-,-,26208
4978,-,-,26209
4797,-,-,26227
4145,-,-,26234
4615,-,-,26237
5670,-,-,26265
2519,-,-,26286
6055,-,-,26302
6215,-,-,26335
4234,-,-,26338
3973,-,-,26343
6277,-,-,26383
4655,-,-,26391
3116,-,-,26397
3800,-,-,26464
3423,-,-,26476
3577,-,-,26491
4404,-,-,26553
5272,-,-,26619
3404,-,-,26645
666,-,-,26645
3319,-,-,26699
2569,-,-,26721
6339,-,-,26752
4403,-,-,26812
5924,-,-,26838
5538,-,-,26841
3708,-,-,26878
6103,-,-,26948
5318,-,-,27066
5003,-,-,27121
1252,-,-,27121
5243,-,-,27150
3033,-,-,27153
969,-,-,27153
114,-,-,27157
2959,-,-,27157
3773,-,-,27182
4700,-,-,27215
2253,-,-,27235
3342,-,-,27264
3446,-,-,27283
3364,-,-,27286
3134,-,-,27315
822,-,-,27315
4400,-,-,27338
269,-,-,27381
3819,-,-,27381
3252,-,-,27424
890,-,-,27486
4318,-,-,27486
2306,-,-,27591
5156,-,-,27662
5022,-,-,27687
1954,-,-,27739
2094,-,-,27739
5957,-,-,27748
5589,-,-,27757
4567,-,-,27796
1860,-,-,27856
5672,-,-,27856
3235,-,-,27866
3174,-,-,27901
2789,-,-,27964
4120,-,-,28000
3117,-,-,28018
409,-,-,28018
318,-,-,28062
4556,-,-,28062
4060,-,-,28065
5668,-,-,28118
4448,-,-,28142
4594,-,-,28170
3659,-,-,28176
1108,-,-,28176
6123,-,-,28261
4596,-,-,28282
1047,-,-,28282
3065,-,-,28284
4333,-,-,28316
1041,-,-,28316
3032,-,-,28366
5837,-,-,28392
2419,-,-,28398
4862,-,-,28399
2749,-,-,28402
5396,-,-,28403
1982,-,-,28431
2212,-,-,28431
4359,-,-,28461
3575,-,-,28497
2192,-,-,28519
2305,-,-,28563
1071,-,-,28567
3660,-,-,28567
5976,-,-,28599
1846,-,-,28642
5049,-,-,28642
5906,-,-,28754
4909,-,-,28762
3908,-,-,28831
6310,-,-,28841
5378,-,-,28850
300,-,-,29033
2686,-,-,29033
3173,-,-,29214
3848,-,-,29245
4527,-,-,29317
4061,-,-,29520
4880,-,-,29594
2475,-,-,29607
631,-,-,29607
1189,-,-,29607
4360,-,-,29641
4640,-,-,29642
6043,-,-,29684
4838,-,-,29734
5865,-,-,29742
4606,-,-,29878
1742,-,-,29878
2709,-,-,29879
3213,-,-,29894
5264,-,-,29946
5772,-,-,29985
3405,-,-,29988
6311,-,-,29997
2379,-,-,30024
5068,-,-,30090
3363,-,-,30108
510,-,-,30108
4524,-,-,30122
1985,-,-,30137
2485,-,-,30137
3236,-,-,30149
3661,-,-,30203
493,-,-,30222
2638,-,-,30222
3918,-,-,30229
2620,-,-,30230
943,-,-,30230
454,-,-,30230
2621,-,-,30231
701,-,-,30231
3231,-,-,30233
4402,-,-,30236
3297,-,-,30237
2417,-,-,30239
5230,-,-,30247
4646,-,-,30250
25,-,-,30250
6406,-,-,30258
6102,-,-,30260
5891,-,-,30263
4324,-,-,30264
288,-,-,30264
1764,-,-,30266
3352,-,-,30266
185,-,-,30268
1091,-,-,30268
2472,-,-,30268
5305,-,-,30269
1507,-,-,30269
6316,-,-,30270
3463,-,-,30275
4530,-,-,30279
5724,-,-,30280
3154,-,-,30281
2825,-,-,30284
2064,-,-,30288
1532,-,-,30295
5141,-,-,30295
5863,-,-,30299
5337,-,-,30300
2082,-,-,30305
2705,-,-,30316
1916,-,-,30316
3706,-,-,30320
1387,-,-,30320
1311,-,-,30320
946,-,-,30325
3046,-,-,30325
3109,-,-,30328
1453,-,-,30329
2693,-,-,30329
855,-,-,30329
4758,-,-,30339
3043,-,-,30341
4139,-,-,30343
4308,-,-,30348
1879,-,-,30348
821,-,-,30349
4142,-,-,30349
2003,-,-,30349
1479,-,-,30350
3007,-,-,30350
4770,-,-,30352
6236,-,-,30353
6189,-,-,30354
5956,-,-,30355
1886,-,-,30358
6145,-,-,30358
4184,-,-,30359
1651,-,-,30364
2551,-,-,30364
1275,-,-,30364
5042,-,-,30367
4044,-,-,30368
5831,-,-,30370
4144,-,-,30373
5131,-,-,30375
5600,-,-,30376
379,-,-,30378
3550,-,-,30378
5422,-,-,30383
1049,-,-,30384
985,-,-,30384
4341,-,-,30384
2513,-,-,30385
2591,-,-,30386
5090,-,-,30389
4235,-,-,30390
5048,-,-,30393
124,-,-,30393
4441,-,-,30399
1960,-,-,30399
869,-,-,30399
5127,-,-,30404
3443,-,-,30406
3647,-,-,30407
3254,-,-,30409
5286,-,-,30417
5078,-,-,30422
2258,-,-,30424
261,-,-,30424
4332,-,-,30427
2021,-,-,30427
4667,-,-,30430
5195,-,-,30435
3320,-,-,30438
875,-,-,30458
4285,-,-,30458
5431,-,-,30460
1676,-,-,30460
5405,-,-,30461
5072,-,-,30462
6127,-,-,30463
672,-,-,30465
4110,-,-,30465
2903,-,-,30467
6225,-,-,30468
1999,-,-,30468
764,-,-,30468
6044,-,-,30469
2629,-,-,30475
4267,-,-,30476
688,-,-,30476
768,-,-,30476
5216,-,-,30482
4777,-,-,30491
2402,-,-,30492
2462,-,-,30498
3332,-,-,30500
2238,-,-,30502
5638,-,-,30503
1769,-,-,30503
5769,-,-,30505
4180,-,-,30507
5310,-,-,30508
1381,-,-,30508
5932,-,-,30510
4523,-,-,30511
4942,-,-,30515
5142,-,-,30516
1567,-,-,30516
4538,-,-,30520
3122,-,-,30523
1332,-,-,30523
4317,-,-,30524
1187,-,-,30524
2465,-,-,30525
3704,-,-,30530
2667,-,-,30532
2049,-,-,30534
4836,-,-,30535
1361,-,-,30535
2248,-,-,30536
4590,-,-,30537
4055,-,-,30538
5044,-,-,30539
4232,-,-,30540
5658,-,-,30542
2231,-,-,30549
6168,-,-,30550
5461,-,-,30551
2066,-,-,30552
5618,-,-,30553
2002,-,-,30554
400,-,-,30554
3751,-,-,30554
3006,-,-,30556
1495,-,-,30561
2707,-,-,30561
5458,-,-,30568
2887,-,-,30571
2671,-,-,30572
2787,-,-,30573
5388,-,-,30576
2290,-,-,30577
1923,-,-,30578
3535,-,-,30578
748,-,-,30580
3810,-,-,30580
4014,-,-,30583
299,-,-,30584
3862,-,-,30584
6395,-,-,30585
1334,-,-,30585
4761,-,-,30589
5095,-,-,30590
6084,-,-,30596
4726,-,-,30597
3818,-,-,30603
1528,-,-,30603
6232,-,-,30613
1011,-,-,30613
1844,-,-,30613
6002,-,-,30618
6101,-,-,30621
6164,-,-,30623
1419,-,-,30623
2942,-,-,30625
2156,-,-,30626
4440,-,-,30630
3697,-,-,30639
5005,-,-,30641
3232,-,-,30642
692,-,-,30643
5959,-,-,30643
4842,-,-,30644
4283,-,-,30645
3271,-,-,30646
4932,-,-,30648
5546,-,-,30649
5259,-,-,30654
4849,-,-,30657
4009,-,-,30666
4889,-,-,30667
5519,-,-,30670
5802,-,-,30673
2459,-,-,30678
5569,-,-,30679
6262,-,-,30680
2722,-,-,30682
4227,-,-,30684
2283,-,-,30685
38,-,-,30685
108,-,-,30685
2670,-,-,30687
1128,-,-,30687
3379,-,-,30688
5748,-,-,30693
562,-,-,30697
2788,-,-,30697
2928,-,-,30698
4334,-,-,30703
2752,-,-,30706
1238,-,-,30706
4652,-,-,30708
3270,-,-,30712
3516,-,-,30716
3218,-,-,30717
6014,-,-,30718
3875,-,-,30721
3251,-,-,30726
5467,-,-,30730
573,-,-,30732
2087,-,-,30732
1920,-,-,30732
4252,-,-,30735
1581,-,-,30736
5114,-,-,30736
4539,-,-,30738
5679,-,-,30742
993,-,-,30742
268,-,-,30743
2152,-,-,30743
3008,-,-,30745
3733,-,-,30752
330,-,-,30754
2941,-,-,30754
781,-,-,30754
183,-,-,30756
554,-,-,30756
4810,-,-,30756
2189,-,-,30757
4903,-,-,30761
4904,-,-,30764
3529,-,-,30766
5182,-,-,30769
5843,-,-,30771
4382,-,-,30773
779,-,-,30776
4896,-,-,30776
2187,-,-,30778
1225,-,-,30778
3907,-,-,30781
1421,-,-,30781
4392,-,-,30786
4388,-,-,30789
3022,-,-,30798
2138,-,-,30799
1996,-,-,30799
3153,-,-,30800
2386,-,-,30806
6178,-,-,30810
3056,-,-,30813
360,-,-,30815
1537,-,-,30815
2198,-,-,30815
4902,-,-,30816
3018,-,-,30818
2554,-,-,30824
2786,-,-,30825
1887,-,-,30825
579,-,-,30830
3378,-,-,30830
6309,-,-,30833
1717,-,-,30833
5944,-,-,30834
1182,-,-,30837
3417,-,-,30837
47,-,-,30838
1023,-,-,30838
3062,-,-,30838
5186,-,-,30843
2840,-,-,30844
2361,-,-,30847
4296,-,-,30849
2816,-,-,30850
1601,-,-,30855
4735,-,-,30855
2969,-,-,30857
5803,-,-,30858
199,-,-,30858
75,-,-,30858
3060,-,-,30860
5011,-,-,30861
6170,-,-,30862
3390,-,-,30864
4021,-,-,30866
5263,-,-,30867
2476,-,-,30871
2075,-,-,30873
5287,-,-,30874
2073,-,-,30876
5503,-,-,30877
1213,-,-,30878
3321,-,-,30878
4034,-,-,30880
1932,-,-,30880
945,-,-,30881
2759,-,-,30881
2610,-,-,30885
1124,-,-,30887
3591,-,-,30887
2460,-,-,30888
4782,-,-,30889
4344,-,-,30890
4702,-,-,30892
2213,-,-,30897
3180,-,-,30899
97,-,-,30899
146,-,-,30899
2356,-,-,30901
5047,-,-,30904
6051,-,-,30907
2222,-,-,30908
771,-,-,30908
3588,-,-,30909
5991,-,-,30914
3885,-,-,30917
4505,-,-,30921
3296,-,-,30922
4433,-,-,30924
5066,-,-,30928
2905,-,-,30933
2091,-,-,30936
3932,-,-,30937
3294,-,-,30941
3926,-,-,30942
4453,-,-,30944
4737,-,-,30946
6229,-,-,30952
4939,-,-,30956
4192,-,-,30960
3525,-,-,30961
2848,-,-,30962
5728,-,-,30963
1688,-,-,30963
5253,-,-,30965
157,-,-,30966
6393,-,-,30966
4566,-,-,30967
1582,-,-,30967
5476,-,-,30968
928,-,-,30969
3249,-,-,30969
4471,-,-,30972
2039,-,-,30974
6071,-,-,30976
2630,-,-,30977
5818,-,-,30980
5822,-,-,30982
2531,-,-,30983
6027,-,-,30985
4622,-,-,30990
6251,-,-,30991
1906,-,-,30991
3707,-,-,30992
5880,-,-,30993
5283,-,-,30997
3709,-,-,30998
337,-,-,30998
4994,-,-,31000
4206,-,-,31001
425,-,-,31001
2723,-,-,31012
195,-,-,31012
3691,-,-,31014
3847,-,-,31017
2291,-,-,31019
670,-,-,31019
2446,-,-,31023
2811,-,-,31024
2325,-,-,31031
3490,-,-,31035
3010,-,-,31036
5964,-,-,31037
1622,-,-,31038
3171,-,-,31038
5012,-,-,31039
1087,-,-,31040
4250,-,-,31040
4137,-,-,31043
6046,-,-,31044
3432,-,-,31045
3222,-,-,31046
3383,-,-,31048
4211,-,-,31049
3808,-,-,31051
941,-,-,31051
2322,-,-,31055
4500,-,-,31056
3992,-,-,31057
4686,-,-,31063
4548,-,-,31064
5040,-,-,31067
5787,-,-,31069
1434,-,-,31069
3513,-,-,31071
1683,-,-,31075
2364,-,-,31075
2177,-,-,31078
3802,-,-,31081
5747,-,-,31085
5004,-,-,31088
3995,-,-,31090
6029,-,-,31093
2518,-,-,31094
3051,-,-,31096
2108,-,-,31097
449,-,-,31097
2159,-,-,31103
6216,-,-,31106
6099,-,-,31107
2113,-,-,31112
3315,-,-,31114
5620,-,-,31123
2575,-,-,31124
1130,-,-,31124
367,-,-,31124
4157,-,-,31125
1058,-,-,31125
3778,-,-,31130
2703,-,-,31131
5645,-,-,31134
4319,-,-,31135
2282,-,-,31136
4763,-,-,31140
4472,-,-,31142
113,-,-,31142
5352,-,-,31144
6042,-,-,31145
1458,-,-,31146
2481,-,-,31146
820,-,-,31146
5713,-,-,31151
4901,-,-,31152
1234,-,-,31158
2287,-,-,31158
865,-,-,31158
2958,-,-,31159
3526,-,-,31164
4210,-,-,31165
1503,-,-,31166
2050,-,-,31166
6264,-,-,31170
3572,-,-,31172
4614,-,-,31173
2823,-,-,31179
5033,-,-,31183
4908,-,-,31184
2843,-,-,31186
6287,-,-,31187
460,-,-,31188
3621,-,-,31188
2341,-,-,31191
2350,-,-,31192
5028,-,-,31193
6256,-,-,31194
6342,-,-,31197
2702,-,-,31198
3380,-,-,31204
2264,-,-,31205
3533,-,-,31207
1584,-,-,31207
597,-,-,31209
3769,-,-,31209
3565,-,-,31211
2687,-,-,31216
6188,-,-,31220
2718,-,-,31221
678,-,-,31221
5902,-,-,31223
5656,-,-,31224
5189,-,-,31226
2378,-,-,31228
4756,-,-,31230
301,-,-,31231
2960,-,-,31231
2902,-,-,31232
3514,-,-,31233
4866,-,-,31235
4506,-,-,31243
2528,-,-,31244
2947,-,-,31245
538,-,-,31245
6082,-,-,31252
3292,-,-,31253
778,-,-,31253
372,-,-,31255
5781,-,-,31255
4094,-,-,31258
3447,-,-,31263
3465,-,-,31264
5268,-,-,31267
4861,-,-,31268
4860,-,-,31274
5611,-,-,31275
2842,-,-,31277
5547,-,-,31278
4273,-,-,31279
4952,-,-,31282
2323,-,-,31288
2784,-,-,31292
385,-,-,31295
3658,-,-,31295
798,-,-,31295
4753,-,-,31297
3233,-,-,31299
1758,-,-,31299
1482,-,-,31299
2965,-,-,31302
5184,-,-,31303
4825,-,-,31306
4812,-,-,31307
2582,-,-,31318
4771,-,-,31323
2166,-,-,31324
1979,-,-,31325
2439,-,-,31325
4503,-,-,31327
646,-,-,31327
4935,-,-,31329
3541,-,-,31330
1709,-,-,31330
5249,-,-,31331
695,-,-,31331
4957,-,-,31334
4645,-,-,31335
101,-,-,31335
6117,-,-,31337
4746,-,-,31342
6181,-,-,31343
1090,-,-,31343
2608,-,-,31345
2949,-,-,31351
4788,-,-,31352
3263,-,-,31359
1565,-,-,31359
758,-,-,31361
3005,-,-,31361
4336,-,-,31362
2685,-,-,31366
447,-,-,31366
3376,-,-,31371
615,-,-,31371
3505,-,-,31374
707,-,-,31374
5221,-,-,31375
2208,-,-,31377
4198,-,-,31380
1808,-,-,31380
4822,-,-,31382
2343,-,-,31383
4035,-,-,31387
2326,-,-,31388
5309,-,-,31390
3073,-,-,31393
151,-,-,31393
1665,-,-,31393
549,-,-,31395
2377,-,-,31395
5231,-,-,31397
1951,-,-,31397
4195,-,-,31401
933,-,-,31402
3921,-,-,31402
1575,-,-,31402
2680,-,-,31403
1908,-,-,31403
2206,-,-,31406
2656,-,-,31408
2425,-,-,31410
2820,-,-,31412
805,-,-,31415
2486,-,-,31415
2763,-,-,31416
244,-,-,31416
3110,-,-,31420
1065,-,-,31421
5722,-,-,31421
3752,-,-,31422
4256,-,-,31424
6231,-,-,31425
141,-,-,31431
2111,-,-,31431
2154,-,-,31432
4848,-,-,31434
5854,-,-,31436
899,-,-,31436
1044,-,-,31437
6135,-,-,31437
159,-,-,31437
1283,-,-,31438
3933,-,-,31438
845,-,-,31439
4699,-,-,31439
2614,-,-,31440
1974,-,-,31442
5678,-,-,31442
3482,-,-,31446
1994,-,-,31449
4275,-,-,31449
3616,-,-,31453
4620,-,-,31458
2880,-,-,31459
468,-,-,31460
2104,-,-,31460
4722,-,-,31461
1566,-,-,31461
1757,-,-,31461
3635,-,-,31462
2730,-,-,31463
2235,-,-,31466
6254,-,-,31471
2140,-,-,31472
2956,-,-,31477
905,-,-,31477
3063,-,-,31478
908,-,-,31478
6185,-,-,31480
4025,-,-,31481
2724,-,-,31482
4504,-,-,31483
5339,-,-,31484
435,-,-,31484
836,-,-,31486
2293,-,-,31486
1945,-,-,31489
6112,-,-,31489
1987,-,-,31490
2945,-,-,31490
4931,-,-,31491
2984,-,-,31493
5213,-,-,31494
12,-,-,31494
6333,-,-,31498
4677,-,-,31499
4912,-,-,31500
2135,-,-,31503
5558,-,-,31504
3573,-,-,31505
4795,-,-,31507
4340,-,-,31508
237,-,-,31509
280,-,-,31509
2280,-,-,31509
3511,-,-,31510
3694,-,-,31517
5603,-,-,31519
4189,-,-,31521
6126,-,-,31526
1430,-,-,31533
619,-,-,31533
3743,-,-,31533
3645,-,-,31536
4289,-,-,31538
1491,-,-,31538
2940,-,-,31542
69,-,-,31542
30,-,-,31542
6289,-,-,31549
662,-,-,31550
6261,-,-,31550
6167,-,-,31557
4801,-,-,31558
5372,-,-,31559
625,-,-,31561
5706,-,-,31561
824,-,-,31561
6147,-,-,31563
5834,-,-,31566
3915,-,-,31568
6124,-,-,31570
2631,-,-,31578
2859,-,-,31584
6097,-,-,31585
392,-,-,31586
2870,-,-,31586
4794,-,-,31587
1800,-,-,31587
5770,-,-,31590
1114,-,-,31592
3758,-,-,31592
5881,-,-,31594
3576,-,-,31595
4768,-,-,31596
5149,-,-,31599
1441,-,-,31599
5900,-,-,31600
2005,-,-,31601
2096,-,-,31601
5562,-,-,31603
10,-,-,31603
664,-,-,31603
3422,-,-,31604
452,-,-,31604
1412,-,-,31607
3389,-,-,31607
530,-,-,31607
4165,-,-,31608
6148,-,-,31611
2659,-,-,31613
5786,-,-,31616
6004,-,-,31617
988,-,-,31617
1616,-,-,31620
3522,-,-,31620
1593,-,-,31621
5587,-,-,31621
3779,-,-,31623
4015,-,-,31624
3745,-,-,31626
4279,-,-,31628
5183,-,-,31632
5170,-,-,31633
5856,-,-,31637
3974,-,-,31638
3438,-,-,31643
3197,-,-,31644
5961,-,-,31646
3276,-,-,31648
2862,-,-,31649
5947,-,-,31654
5847,-,-,31655
5755,-,-,31658
2345,-,-,31662
387,-,-,31663
5669,-,-,31663
3394,-,-,31665
6052,-,-,31669
5799,-,-,31672
3198,-,-,31687
5423,-,-,31693
1786,-,-,31694
4436,-,-,31694
1925,-,-,31694
6073,-,-,31695
5176,-,-,31700
900,-,-,31701
5329,-,-,31701
395,-,-,31703
2563,-,-,31703
1366,-,-,31704
223,-,-,31704
3217,-,-,31704
6138,-,-,31705
6323,-,-,31708
3606,-,-,31709
5907,-,-,31712
3972,-,-,31715
5993,-,-,31716
4680,-,-,31722
6094,-,-,31723
4625,-,-,31724
4278,-,-,31726
169,-,-,31726
714,-,-,31726
2028,-,-,31729
86,-,-,31730
2227,-,-,31730
2188,-,-,31732
3839,-,-,31736
996,-,-,31736
3392,-,-,31738
5058,-,-,31741
6383,-,-,31744
2362,-,-,31747
4271,-,-,31748
1896,-,-,31748
2746,-,-,31749
3783,-,-,31750
2755,-,-,31751
1515,-,-,31755
4457,-,-,31755
4639,-,-,31758
1966,-,-,31760
5260,-,-,31760
5214,-,-,31765
4633,-,-,31769
922,-,-,31773
2335,-,-,31773
4401,-,-,31774
4961,-,-,31775
937,-,-,31775
636,-,-,31776
2604,-,-,31776
2458,-,-,31777
357,-,-,31777
1164,-,-,31783
5385,-,-,31783
1192,-,-,31786
2943,-,-,31786
5689,-,-,31787
2652,-,-,31791
2806,-,-,31794
3339,-,-,31795
4321,-,-,31797
437,-,-,31797
1666,-,-,31798
2228,-,-,31798
5070,-,-,31803
1910,-,-,31804
4515,-,-,31804
6154,-,-,31805
1038,-,-,31806
2915,-,-,31806
3663,-,-,31808
2704,-,-,31811
3543,-,-,31812
79,-,-,31812
5790,-,-,31814
5730,-,-,31820
2910,-,-,31827
44,-,-,31827
1819,-,-,31828
2574,-,-,31828
366,-,-,31828
2471,-,-,31831
1792,-,-,31831
1240,-,-,31834
4600,-,-,31834
4080,-,-,31837
2162,-,-,31839
2769,-,-,31841
3799,-,-,31847
336,-,-,31847
4776,-,-,31848
3997,-,-,31858
458,-,-,31867
474,-,-,31867
3844,-,-,31867
4345,-,-,31868
2271,-,-,31869
2,-,-,31869
807,-,-,31869
1389,-,-,31876
5382,-,-,31876
2616,-,-,31879
4121,-,-,31883
5984,-,-,31887
5155,-,-,31891
1121,-,-,31891
2628,-,-,31897
1721,-,-,31897
1380,-,-,31897
4800,-,-,31898
5969,-,-,31899
1835,-,-,31899
5796,-,-,31900
5466,-,-,31904
6374,-,-,31905
4759,-,-,31907
5377,-,-,31908
2736,-,-,31913
769,-,-,31913
431,-,-,31913
5721,-,-,31914
3397,-,-,31916
3357,-,-,31917
1222,-,-,31917
2141,-,-,31920
935,-,-,31920
2397,-,-,31923
4248,-,-,31927
1295,-,-,31927
2536,-,-,31932
5244,-,-,31936
5477,-,-,31938
2586,-,-,31941
3199,-,-,31942
1496,-,-,31942
3696,-,-,31945
4134,-,-,31946
380,-,-,31951
2176,-,-,31951
5903,-,-,31952
3698,-,-,31956
3574,-,-,31961
2196,-,-,31962
3464,-,-,31963
4407,-,-,31966
1940,-,-,31966
3922,-,-,31968
5894,-,-,31972
4676,-,-,31975
2668,-,-,31976
6330,-,-,31979
4635,-,-,31981
5175,-,-,31992
3510,-,-,31993
912,-,-,31998
2289,-,-,31998
857,-,-,31999
3498,-,-,31999
3426,-,-,32003
4607,-,-,32004
1014,-,-,32004
3910,-,-,32007
3341,-,-,32008
3137,-,-,32009
4894,-,-,32016
5445,-,-,32017
4251,-,-,32018
3537,-,-,32023
128,-,-,32023
4087,-,-,32024
2624,-,-,32025
1172,-,-,32028
911,-,-,32028
4546,-,-,32028
2134,-,-,32031
5076,-,-,32036
1986,-,-,32036
3475,-,-,32037
1549,-,-,32037
6198,-,-,32041
3421,-,-,32045
4778,-,-,32048
5340,-,-,32068
2312,-,-,32069
1775,-,-,32069
2990,-,-,32071
2952,-,-,32072
3593,-,-,32073
734,-,-,32073
5607,-,-,32077
5757,-,-,32078
4086,-,-,32080
1538,-,-,32083
2756,-,-,32083
4851,-,-,32086
476,-,-,32090
2606,-,-,32090
4164,-,-,32091
6308,-,-,32094
6086,-,-,32095
4760,-,-,32096
4775,-,-,32100
4837,-,-,32103
4803,-,-,32106
2215,-,-,32107
312,-,-,32107
4958,-,-,32110
406,-,-,32111
4012,-,-,32111
635,-,-,32111
2085,-,-,32119
1202,-,-,32119
361,-,-,32119
673,-,-,32120
4492,-,-,32120
5202,-,-,32123
1413,-,-,32123
3293,-,-,32125
3692,-,-,32130
3727,-,-,32131
2061,-,-,32137
4357,-,-,32139
3786,-,-,32140
4544,-,-,32141
5269,-,-,32145
4588,-,-,32148
3113,-,-,32151
1642,-,-,32152
2233,-,-,32152
71,-,-,32152
171,-,-,32153
833,-,-,32153
5228,-,-,32153
5974,-,-,32154
3504,-,-,32155
1001,-,-,32155
3135,-,-,32156
1377,-,-,32157
3314,-,-,32157
5394,-,-,32158
1917,-,-,32158
5556,-,-,32164
5771,-,-,32165
2441,-,-,32167
2587,-,-,32168
5789,-,-,32169
2400,-,-,32170
3024,-,-,32171
3156,-,-,32173
4878,-,-,32174
5166,-,-,32177
2432,-,-,32178
6015,-,-,32183
1139,-,-,32183
4578,-,-,32186
2977,-,-,32190
6271,-,-,32191
6346,-,-,32193
6223,-,-,32198
4351,-,-,32202
3723,-,-,32203
4230,-,-,32205
4936,-,-,32211
5449,-,-,32214
5610,-,-,32217
5566,-,-,32218
4105,-,-,32219
2819,-,-,32222
4656,-,-,32223
3220,-,-,32227
1610,-,-,32228
2924,-,-,32228
135,-,-,32230
3439,-,-,32230
4741,-,-,32232
1324,-,-,32232
6220,-,-,32233
6329,-,-,32237
2342,-,-,32239
3091,-,-,32240
5222,-,-,32245
3629,-,-,32246
4010,-,-,32248
3354,-,-,32252
4984,-,-,32253
4715,-,-,32254
5399,-,-,32256
5474,-,-,32258
3486,-,-,32259
3138,-,-,32260
637,-,-,32265
3004,-,-,32265
2204,-,-,32270
3111,-,-,32272
3920,-,-,32273
3594,-,-,32274
4089,-,-,32277
99,-,-,32277
601,-,-,32277
5001,-,-,32282
2986,-,-,32283
2062,-,-,32284
2934,-,-,32287
3196,-,-,32288
1040,-,-,32288
1459,-,-,32288
3260,-,-,32289
1950,-,-,32289
1052,-,-,32289
2517,-,-,32291
5496,-,-,32292
388,-,-,32296
5007,-,-,32296
6100,-,-,32297
2418,-,-,32305
196,-,-,32305
5928,-,-,32306
2700,-,-,32309
2013,-,-,32310
3719,-,-,32310
2357,-,-,32311
3956,-,-,32314
1396,-,-,32317
4791,-,-,32317
2698,-,-,32318
4352,-,-,32320
2163,-,-,32321
3076,-,-,32328
4277,-,-,32329
6024,-,-,32333
5395,-,-,32338
6032,-,-,32339
5448,-,-,32344
2288,-,-,32345
948,-,-,32348
5440,-,-,32348
275,-,-,32349
1029,-,-,32349
2470,-,-,32349
4632,-,-,32352
2366,-,-,32354
3244,-,-,32356
2483,-,-,32358
1002,-,-,32358
40,-,-,32358
3567,-,-,32359
3054,-,-,32367
3160,-,-,32368
2278,-,-,32369
5861,-,-,32373
4541,-,-,32379
6226,-,-,32384
6121,-,-,32389
2834,-,-,32390
957,-,-,32390
6130,-,-,32395
4355,-,-,32396
4064,-,-,32398
1285,-,-,32398
3298,-,-,32399
2031,-,-,32401
2247,-,-,32406
5537,-,-,32409
1393,-,-,32416
3671,-,-,32416
6253,-,-,32418
3999,-,-,32419
1193,-,-,32420
5341,-,-,32420
851,-,-,32422
2828,-,-,32422
5330,-,-,32428
5234,-,-,32429
4381,-,-,32431
4196,-,-,32432
2529,-,-,32433
59,-,-,32433
850,-,-,32434
2944,-,-,32434
3634,-,-,32435
3308,-,-,32436
5904,-,-,32438
4542,-,-,32440
4031,-,-,32442
2083,-,-,32443
780,-,-,32443
1099,-,-,32443
1483,-,-,32445
2904,-,-,32445
6299,-,-,32448
5520,-,-,32450
1231,-,-,32451
3880,-,-,32451
592,-,-,32451
2997,-,-,32452
1794,-,-,32452
5084,-,-,32455
4397,-,-,32456
3960,-,-,32460
3889,-,-,32461
3519,-,-,32462
6389,-,-,32464
2921,-,-,32465
3507,-,-,32466
422,-,-,32467
3627,-,-,32467
5826,-,-,32468
1907,-,-,32468
48,-,-,32474
4734,-,-,32474
2872,-,-,32477
674,-,-,32477
3562,-,-,32480
2029,-,-,32481
5835,-,-,32489
2210,-,-,32491
2193,-,-,32493
2762,-,-,32500
2801,-,-,32501
2609,-,-,32505
2803,-,-,32506
4422,-,-,32508
4650,-,-,32512
1560,-,-,32512
2841,-,-,32515
4049,-,-,32517
5124,-,-,32519
4179,-,-,32522
5198,-,-,32523
1498,-,-,32523
3618,-,-,32524
485,-,-,32526
2866,-,-,32526
1968,-,-,32529
3878,-,-,32529
1163,-,-,32529
2646,-,-,32531
142,-,-,32539
2365,-,-,32539
5143,-,-,32544
5804,-,-,32545
4188,-,-,32547
6367,-,-,32549
2535,-,-,32552
6199,-,-,32554
2640,-,-,32555
1635,-,-,32555
2385,-,-,32558
1809,-,-,32559
2560,-,-,32559
3403,-,-,32561
2444,-,-,32563
1312,-,-,32564
2482,-,-,32564
408,-,-,32564
2063,-,-,32566
3892,-,-,32568
3406,-,-,32572
5625,-,-,32574
1318,-,-,32574
3767,-,-,32577
1681,-,-,32577
5321,-,-,32578
1919,-,-,32578
5661,-,-,32579
4893,-,-,32582
732,-,-,32583
3248,-,-,32583
5614,-,-,32593
4629,-,-,32594
5429,-,-,32604
98,-,-,32605
3850,-,-,32605
1119,-,-,32606
3812,-,-,32606
940,-,-,32607
2559,-,-,32607
3539,-,-,32608
4024,-,-,32609
3763,-,-,32610
1633,-,-,32610
4368,-,-,32611
4200,-,-,32616
4745,-,-,32617
1547,-,-,32617
5517,-,-,32619
2634,-,-,32620
180,-,-,32620
4576,-,-,32621
5032,-,-,32624
1698,-,-,32624
1546,-,-,32626
3291,-,-,32626
4678,-,-,32634
5487,-,-,32639
4483,-,-,32643
1762,-,-,32645
5323,-,-,32645
4348,-,-,32646
2871,-,-,32648
519,-,-,32648
5798,-,-,32651
3820,-,-,32652
2190,-,-,32655
1309,-,-,32657
4011,-,-,32657
1969,-,-,32657
2229,-,-,32658
1477,-,-,32658
2411,-,-,32661
724,-,-,32661
5695,-,-,32662
6245,-,-,32664
1858,-,-,32666
3361,-,-,32666
4434,-,-,32668
3686,-,-,32669
3015,-,-,32672
257,-,-,32675
2100,-,-,32675
3744,-,-,32676
4394,-,-,32678
4469,-,-,32682
1017,-,-,32682
823,-,-,32683
5312,-,-,32683
1167,-,-,32684
3167,-,-,32684
3025,-,-,32686
2894,-,-,32689
4949,-,-,32698
2043,-,-,32701
2327,-,-,32702
2484,-,-,32703
5864,-,-,32704
2864,-,-,32705
5215,-,-,32710
339,-,-,32711
2180,-,-,32711
5648,-,-,32712
3781,-,-,32715
5236,-,-,32720
5644,-,-,32721
5860,-,-,32724
1867,-,-,32724
4178,-,-,32726
1783,-,-,32728
4859,-,-,32728
1046,-,-,32728
2004,-,-,32729
3159,-,-,32729
5998,-,-,32730
3600,-,-,32733
5594,-,-,32737
3059,-,-,32740
31,-,-,32743
5350,-,-,32743
3031,-,-,32744
1854,-,-,32744
1259,-,-,32744
2917,-,-,32745
6122,-,-,32746
4701,-,-,32750
2466,-,-,32752
1462,-,-,32752
800,-,-,32752
3049,-,-,32753
401,-,-,32753
5568,-,-,32754
4338,-,-,32755
2273,-,-,32759
2909,-,-,32767
2007,-,-,32767
1465,-,-,32768
3367,-,-,32768
2916,-,-,32769
1759,-,-,32769
282,-,-,32770
295,-,-,32770
4721,-,-,32770
283,-,-,32771
577,-,-,32771
3487,-,-,32771
3316,-,-,32774
4261,-,-,32777
5181,-,-,32779
3655,-,-,32788
620,-,-,32788
1169,-,-,32788
4253,-,-,32794
2930,-,-,32795
4843,-,-,32798
3484,-,-,32799
3620,-,-,32800
3027,-,-,32801
2822,-,-,32804
5797,-,-,32806
4432,-,-,32811
5345,-,-,32812
216,-,-,32812
4683,-,-,32813
2241,-,-,32814
2906,-,-,32818
3564,-,-,32819
2994,-,-,32826
540,-,-,32826
5597,-,-,32827
3317,-,-,32830
5696,-,-,32831
5053,-,-,32834
785,-,-,32834
3075,-,-,32846
4008,-,-,32847
6357,-,-,32849
1746,-,-,32849
4895,-,-,32854
2266,-,-,32859
2858,-,-,32860
1873,-,-,32862
6370,-,-,32862
3195,-,-,32872
5410,-,-,32873
2643,-,-,32877
924,-,-,32877
3503,-,-,32878
1868,-,-,32878
2618,-,-,32880
5351,-,-,32882
854,-,-,32883
3714,-,-,32883
6403,-,-,32884
4947,-,-,32885
4390,-,-,32887
5050,-,-,32889
5531,-,-,32890
6260,-,-,32895
886,-,-,32895
4167,-,-,32905
4489,-,-,32908
4006,-,-,32912
5075,-,-,32913
4447,-,-,32917
376,-,-,32917
3518,-,-,32922
6149,-,-,32923
2131,-,-,32924
3693,-,-,32925
685,-,-,32925
1874,-,-,32925
4537,-,-,32928
5615,-,-,32930
1437,-,-,32930
3223,-,-,32931
5889,-,-,32933
5456,-,-,32935
6377,-,-,32936
4846,-,-,32937
5723,-,-,32940
5585,-,-,32941
1450,-,-,32941
2469,-,-,32943
1326,-,-,32943
5700,-,-,32944
4004,-,-,32945
4742,-,-,32946
1000,-,-,32946
3784,-,-,32949
2079,-,-,32950
6045,-,-,32953
4488,-,-,32957
5320,-,-,32959
3870,-,-,32962
6204,-,-,32966
2012,-,-,32966
4534,-,-,32969
5469,-,-,32971
3991,-,-,32974
5783,-,-,32975
6391,-,-,32979
209,-,-,32979
6041,-,-,32982
3234,-,-,32983
4547,-,-,32984
2270,-,-,32989
1771,-,-,32989
5211,-,-,32991
1171,-,-,32991
3351,-,-,32993
1244,-,-,32993
4579,-,-,32994
3755,-,-,32995
5500,-,-,32996
661,-,-,32998
2839,-,-,32998
3002,-,-,33006
598,-,-,33006
3664,-,-,33009
1074,-,-,33009
3879,-,-,33010
5836,-,-,33013
6066,-,-,33014
3253,-,-,33016
5163,-,-,33018
1668,-,-,33018
5444,-,-,33019
1918,-,-,33019
6192,-,-,33020
5248,-,-,33021
2510,-,-,33024
1855,-,-,33026
4375,-,-,33026
2199,-,-,33030
3711,-,-,33031
3177,-,-,33033
129,-,-,33035
802,-,-,33035
2275,-,-,33035
3272,-,-,33036
2802,-,-,33038
3756,-,-,33047
369,-,-,33050
3834,-,-,33050
1595,-,-,33050
4583,-,-,33056
1235,-,-,33058
4233,-,-,33058
5327,-,-,33059
6144,-,-,33060
3925,-,-,33064
5094,-,-,33065
1628,-,-,33066
2121,-,-,33066
516,-,-,33069
3896,-,-,33069
5844,-,-,33071
5851,-,-,33075
4533,-,-,33078
645,-,-,33081
2092,-,-,33081
3916,-,-,33082
3303,-,-,33087
6371,-,-,33090
2981,-,-,33091
5948,-,-,33093
4452,-,-,33094
3481,-,-,33095
5646,-,-,33101
4673,-,-,33105
2374,-,-,33112
1057,-,-,33112
4231,-,-,33113
4104,-,-,33115
1943,-,-,33118
2561,-,-,33118
2804,-,-,33129
2320,-,-,33130
5241,-,-,33131
5499,-,-,33133
446,-,-,33135
2525,-,-,33135
5816,-,-,33138
6003,-,-,33140
4612,-,-,33141
3158,-,-,33142
4581,-,-,33143
5731,-,-,33144
4724,-,-,33145
3753,-,-,33147
5690,-,-,33148
2744,-,-,33151
3208,-,-,33152
3928,-,-,33153
3224,-,-,33157
4130,-,-,33162
5746,-,-,33166
6019,-,-,33169
5922,-,-,33171
4070,-,-,33173
51,-,-,33173
6114,-,-,33174
80,-,-,33174
6118,-,-,33175
4997,-,-,33178
2764,-,-,33179
4631,-,-,33180
2661,-,-,33186
5138,-,-,33191
1660,-,-,33193
4970,-,-,33193
2230,-,-,33194
3362,-,-,33195
205,-,-,33195
4991,-,-,33197
1094,-,-,33198
3163,-,-,33198
5277,-,-,33200
5331,-,-,33201
4654,-,-,33205
2505,-,-,33206
3338,-,-,33207
4037,-,-,33210
5067,-,-,33211
1199,-,-,33215
3978,-,-,33215
3115,-,-,33217
1010,-,-,33224
1530,-,-,33224
4847,-,-,33224
3961,-,-,33227
3924,-,-,33229
3340,-,-,33232
3923,-,-,33238
3581,-,-,33239
991,-,-,33239
4119,-,-,33241
683,-,-,33241
1667,-,-,33246
5879,-,-,33246
1151,-,-,33248
1942,-,-,33248
3833,-,-,33248
4376,-,-,33250
1287,-,-,33253
5574,-,-,33253
5491,-,-,33256
5196,-,-,33259
3725,-,-,33263
1433,-,-,33263
4938,-,-,33269
4176,-,-,33270
1803,-,-,33270
1009,-,-,33270
3948,-,-,33271
4963,-,-,33274
3864,-,-,33276
5504,-,-,33280
5473,-,-,33282
3052,-,-,33283
2133,-,-,33289
5294,-,-,33290
891,-,-,33290
4435,-,-,33296
2153,-,-,33298
580,-,-,33298
5828,-,-,33300
1166,-,-,33300
4214,-,-,33304
3034,-,-,33306
3337,-,-,33307
907,-,-,33307
5896,-,-,33310
2112,-,-,33311
5193,-,-,33312
6291,-,-,33314
3434,-,-,33319
3030,-,-,33320
1403,-,-,33321
4764,-,-,33321
1100,-,-,33322
2599,-,-,33322
3657,-,-,33326
5954,-,-,33327
1261,-,-,33330
4485,-,-,33330
302,-,-,33330
2396,-,-,33339
363,-,-,33341
2520,-,-,33341
4999,-,-,33342
1578,-,-,33342
2521,-,-,33346
1095,-,-,33346
6347,-,-,33349
2347,-,-,33350
3090,-,-,33353
2568,-,-,33357
1297,-,-,33357
3882,-,-,33360
3936,-,-,33363
1379,-,-,33366
5687,-,-,33366
4638,-,-,33367
5363,-,-,33368
5285,-,-,33376
1447,-,-,33378
4875,-,-,33378
1605,-,-,33379
967,-,-,33379
5763,-,-,33379
2550,-,-,33383
2772,-,-,33385
5171,-,-,33386
4316,-,-,33388
1226,-,-,33388
1767,-,-,33389
4519,-,-,33389
5840,-,-,33390
4090,-,-,33392
5819,-,-,33395
1869,-,-,33397
2939,-,-,33397
3381,-,-,33400
5989,-,-,33401
1631,-,-,33403
6298,-,-,33403
1587,-,-,33405
4988,-,-,33405
3571,-,-,33408
4664,-,-,33411
1083,-,-,33412
3168,-,-,33412
2353,-,-,33413
3311,-,-,33414
1611,-,-,33414
5792,-,-,33421
6196,-,-,33422
4409,-,-,33423
1303,-,-,33423
3955,-,-,33425
5617,-,-,33427
1687,-,-,33427
2474,-,-,33428
556,-,-,33428
1470,-,-,33428
5415,-,-,33430
2178,-,-,33433
3953,-,-,33434
5261,-,-,33436
1949,-,-,33436
5270,-,-,33441
4585,-,-,33444
4186,-,-,33446
2202,-,-,33451
4647,-,-,33458
1574,-,-,33458
2211,-,-,33459
5859,-,-,33460
916,-,-,33465
2869,-,-,33465
1990,-,-,33466
5677,-,-,33466
774,-,-,33467
3675,-,-,33467
3982,-,-,33468
944,-,-,33468
4129,-,-,33470
1363,-,-,33470
5071,-,-,33473
2301,-,-,33477
5233,-,-,33479
532,-,-,33479
520,-,-,33479
1704,-,-,33480
2672,-,-,33480
2626,-,-,33481
2509,-,-,33482
521,-,-,33482
36,-,-,33482
5813,-,-,33483
2888,-,-,33484
1150,-,-,33484
1159,-,-,33484
3267,-,-,33485
2124,-,-,33486
4170,-,-,33488
3952,-,-,33496
6340,-,-,33500
2436,-,-,33506
4056,-,-,33507
4190,-,-,33508
4570,-,-,33512
2274,-,-,33524
2975,-,-,33525
5123,-,-,33527
5983,-,-,33528
2589,-,-,33531
5745,-,-,33532
2664,-,-,33534
4796,-,-,33535
4391,-,-,33536
2445,-,-,33537
1246,-,-,33539
5014,-,-,33539
5640,-,-,33542
3970,-,-,33544
4727,-,-,33545
3401,-,-,33549
4906,-,-,33553
6026,-,-,33554
4840,-,-,33562
4193,-,-,33571
6060,-,-,33573
2173,-,-,33578
3512,-,-,33579
2844,-,-,33581
3585,-,-,33584
1541,-,-,33584
4310,-,-,33585
4088,-,-,33589
4593,-,-,33593
3019,-,-,33596
4474,-,-,33598
5667,-,-,33599
5116,-,-,33600
5662,-,-,33610
5097,-,-,33611
3118,-,-,33613
6252,-,-,33615
2933,-,-,33619
2708,-,-,33622
2499,-,-,33623
1674,-,-,33623
5470,-,-,33628
4166,-,-,33631
3017,-,-,33632
4377,-,-,33633
2416,-,-,33635
140,-,-,33635
5468,-,-,33636
5425,-,-,33638
3207,-,-,33639
1394,-,-,33639
4280,-,-,33640
4762,-,-,33641
5335,-,-,33642
2985,-,-,33643
1841,-,-,33643
386,-,-,33643
4998,-,-,33645
4075,-,-,33646
1608,-,-,33646
5588,-,-,33647
477,-,-,33648
95,-,-,33648
6320,-,-,33648
839,-,-,33650
3854,-,-,33650
2540,-,-,33653
5654,-,-,33655
965,-,-,33656
4977,-,-,33656
4079,-,-,33658
1277,-,-,33658
3178,-,-,33659
4954,-,-,33661
3066,-,-,33663
838,-,-,33663
65,-,-,33663
5452,-,-,33668
3266,-,-,33669
5365,-,-,33672
5343,-,-,33675
1657,-,-,33675
6382,-,-,33677
841,-,-,33677
4281,-,-,33683
4354,-,-,33685
2382,-,-,33687
4297,-,-,33688
2541,-,-,33692
6033,-,-,33693
6385,-,-,33697
6379,-,-,33699
5762,-,-,33703
3683,-,-,33705
3602,-,-,33706
3637,-,-,33708
4181,-,-,33709
3598,-,-,33710
4224,-,-,33712
2882,-,-,33713
365,-,-,33714
2593,-,-,33714
4416,-,-,33715
4691,-,-,33716
5353,-,-,33717
4473,-,-,33719
6358,-,-,33720
5103,-,-,33722
3551,-,-,33725
887,-,-,33725
4858,-,-,33727
332,-,-,33730
1728,-,-,33730
2737,-,-,33730
5427,-,-,33731
1276,-,-,33733
153,-,-,33733
4143,-,-,33733
3216,-,-,33734
4290,-,-,33735
5297,-,-,33739
2747,-,-,33743
5536,-,-,33744
5539,-,-,33745
2727,-,-,33749
5515,-,-,33765
3701,-,-,33770
5825,-,-,33775
5666,-,-,33776
5578,-,-,33777
160,-,-,33779
2257,-,-,33779
2511,-,-,33782
3699,-,-,33785
763,-,-,33787
4575,-,-,33787
4649,-,-,33788
2925,-,-,33791
5356,-,-,33793
2321,-,-,33796
5561,-,-,33807
4058,-,-,33809
4237,-,-,33810
487,-,-,33810
4293,-,-,33811
1478,-,-,33811
2553,-,-,33816
3104,-,-,33818
759,-,-,33820
3344,-,-,33820
1408,-,-,33820
4502,-,-,33822
5136,-,-,33824
3077,-,-,33826
2403,-,-,33830
3141,-,-,33832
5777,-,-,33837
4304,-,-,33843
4983,-,-,33848
3966,-,-,33849
4856,-,-,33852
4723,-,-,33856
6063,-,-,33860
1304,-,-,33860
3530,-,-,33864
1282,-,-,33864
6006,-,-,33865
6193,-,-,33868
5291,-,-,33870
3682,-,-,33874
4900,-,-,33876
3906,-,-,33877
1343,-,-,33877
2207,-,-,33881
104,-,-,33882
3837,-,-,33882
848,-,-,33882
6307,-,-,33884
2095,-,-,33887
2252,-,-,33891
1327,-,-,33891
4451,-,-,33894
4992,-,-,33895
1274,-,-,33898
3860,-,-,33898
2492,-,-,33899
5273,-,-,33900
5567,-,-,33904
4495,-,-,33905
5299,-,-,33906
4424,-,-,33908
3749,-,-,33910
5590,-,-,33913
563,-,-,33915
3849,-,-,33915
2186,-,-,33916
266,-,-,33916
20,-,-,33917
5869,-,-,33917
2118,-,-,33918
2495,-,-,33919
5809,-,-,33932
3413,-,-,33933
1354,-,-,33933
4268,-,-,33942
1147,-,-,33943
826,-,-,33943
5516,-,-,33943
6031,-,-,33950
4732,-,-,33954
2493,-,-,33957
5480,-,-,33958
671,-,-,33958
5613,-,-,33960
3874,-,-,33962
5358,-,-,33963
654,-,-,33971
120,-,-,33971
5760,-,-,33971
3506,-,-,33972
829,-,-,33973
2367,-,-,33973
1682,-,-,33974
5741,-,-,33974
5373,-,-,33976
39,-,-,33976
426,-,-,33976
